test_predictions,test_truth,test_scores
0.0,0.0,0.0007903450084314436
0.0,0.0,3.839444335374801e-09
0.0,0.0,1.4569916487661759e-10
0.0,0.0,2.421544541067723e-07
0.0,0.0,2.166992367520496e-05
0.0,0.0,1.6513114107726328e-09
0.0,0.0,0.0006316010222690741
0.0,0.0,4.480331708563359e-09
0.0,0.0,0.0011788812582570996
0.0,0.0,7.623607976329678e-05
0.0,0.0,0.15114963142374158
0.0,0.0,4.4542436923374475e-12
0.0,0.0,1.0721860784395257e-12
0.0,0.0,8.055373005631646e-09
0.0,0.0,1.7395688185652117e-16
0.0,0.0,2.369741963806443e-17
0.0,0.0,5.05095016556913e-07
0.0,0.0,1.8212231265458608e-09
0.0,0.0,2.1548003876420997e-12
0.0,0.0,6.7558987641438e-08
0.0,0.0,2.0042983809869686e-10
0.0,0.0,1.1044632021447205e-10
0.0,0.0,1.8988863994010026e-06
0.0,0.0,1.6655670237240047e-10
0.0,0.0,6.020996953109896e-07
0.0,0.0,2.0495088467152333e-13
0.0,0.0,2.5369243610606516e-14
0.0,0.0,2.8380026123419547e-11
0.0,0.0,1.1548299884593209e-09
0.0,0.0,0.006402837522233118
0.0,0.0,0.000147573659411119
0.0,0.0,3.385995960647304e-10
0.0,0.0,1.4280748541543694e-08
0.0,0.0,4.723114598244285e-11
0.0,0.0,5.503614632186775e-09
0.0,0.0,3.939441895546687e-08
0.0,0.0,2.103659411789507e-05
0.0,0.0,3.8453297721814616e-08
0.0,0.0,6.84666408352079e-09
0.0,0.0,5.052043058303315e-11
0.0,0.0,3.5056076298156666e-07
0.0,0.0,3.950358057570069e-09
0.0,0.0,9.580417128765492e-08
0.0,0.0,0.0646148851339411
0.0,0.0,7.46375896310412e-09
0.0,0.0,4.482474864068149e-12
0.0,0.0,3.6184606925984796e-07
0.0,0.0,1.3559174211704567e-10
0.0,0.0,5.007504846677275e-10
0.0,0.0,5.952929049694372e-06
0.0,0.0,4.1385000282680046e-05
0.0,0.0,3.200892223768026e-08
0.0,0.0,2.870677848697784e-12
0.0,0.0,1.883594961619691e-08
0.0,0.0,4.684663642120598e-16
0.0,0.0,3.1665798304323273e-13
0.0,0.0,2.3323010124458086e-05
0.0,0.0,3.8773806872422585e-21
0.0,0.0,7.032341727422805e-07
0.0,0.0,3.7814412659406344e-08
0.0,0.0,2.454431681064705e-06
0.0,0.0,2.1115180637590818e-08
0.0,0.0,8.32115325291589e-12
0.0,0.0,1.8415783477998835e-08
0.0,0.0,4.9929137452234474e-09
0.0,0.0,3.399556942180011e-09
0.0,0.0,1.8606598619063608e-08
0.0,0.0,0.00011617032406753718
0.0,0.0,5.363107610726236e-09
0.0,0.0,0.0015225720785112227
0.0,0.0,1.3638114463727501e-08
0.0,0.0,3.068519000559496e-07
0.0,0.0,2.5623828866789613e-18
0.0,0.0,1.867909507333826e-15
0.0,0.0,2.2870304299343925e-08
0.0,0.0,5.038069223492959e-08
0.0,0.0,3.2756440077440106e-12
0.0,0.0,2.288448570850765e-06
0.0,0.0,3.214716101298296e-10
0.0,0.0,0.0013759893983754277
0.0,0.0,0.0013467718138938628
0.0,0.0,6.91811133578507e-10
0.0,0.0,0.00020216498620597025
0.0,0.0,0.027521846204723064
1.0,0.0,0.6138040191741244
0.0,0.0,8.447426280025092e-09
0.0,0.0,0.04071607354836861
0.0,0.0,6.142689708244376e-12
0.0,0.0,2.9434268833314164e-12
0.0,0.0,3.844079182172587e-12
0.0,0.0,0.00012628698961312287
0.0,0.0,8.57120271141604e-09
0.0,0.0,0.0002588109363296418
0.0,0.0,6.990143020335473e-09
0.0,0.0,5.09046000858488e-10
0.0,0.0,0.020345331029773355
0.0,0.0,5.537560634581365e-13
0.0,0.0,0.0027483023012968857
0.0,0.0,0.01336831118700056
0.0,0.0,2.0814107217328926e-09
0.0,0.0,7.607187618238033e-07
0.0,0.0,4.013597488741359e-06
0.0,0.0,2.7652794766779393e-11
0.0,0.0,2.51436862356124e-08
0.0,0.0,1.3531094048414972e-07
0.0,0.0,4.763339812656484e-10
0.0,0.0,1.5663623164577065e-09
0.0,0.0,4.5060271835121494e-11
0.0,0.0,5.351528919141372e-10
0.0,0.0,8.959759920901993e-10
0.0,0.0,6.281705968353272e-09
0.0,0.0,2.8497723926185972e-08
0.0,0.0,6.216598162137299e-14
0.0,0.0,0.0275844132537705
1.0,0.0,0.517199735723668
0.0,0.0,5.156699486181478e-09
0.0,0.0,7.541805420201371e-10
1.0,0.0,0.7990050550226497
0.0,0.0,0.00013713892668700093
0.0,0.0,6.0400881827300584e-05
0.0,0.0,7.099210953267204e-11
0.0,0.0,1.254530340534891e-09
0.0,0.0,3.454753856619935e-08
0.0,0.0,0.0005309306661344408
0.0,0.0,7.632652105396265e-11
1.0,0.0,0.7338935352903737
0.0,0.0,0.02501470147961186
0.0,0.0,0.022983888883908184
0.0,0.0,1.9488002708151013e-06
0.0,0.0,6.59799366691997e-05
0.0,0.0,3.124346645349587e-15
0.0,0.0,2.7672667027138362e-08
0.0,0.0,1.0335006109488857e-06
0.0,0.0,1.1195999199523054e-05
0.0,0.0,5.492471822898427e-09
0.0,0.0,9.330744269932996e-17
0.0,0.0,1.3600661140719284e-15
0.0,0.0,2.148350650196641e-05
0.0,0.0,3.122431519657643e-09
0.0,0.0,0.00016455118761367563
0.0,0.0,5.097538240544645e-11
0.0,0.0,7.22243429606166e-06
0.0,0.0,1.546771533526974e-12
0.0,0.0,4.584791351476001e-13
0.0,0.0,6.755045674162693e-11
0.0,0.0,1.5170912314918148e-07
0.0,0.0,4.181094060130283e-09
0.0,0.0,1.1271689847352237e-09
0.0,0.0,3.908864684868306e-11
0.0,0.0,3.320420337563187e-11
0.0,0.0,0.0003878612714128703
0.0,0.0,3.094144745768431e-12
0.0,0.0,7.79255089689872e-12
0.0,0.0,1.8667531809223123e-09
0.0,0.0,3.7206687084744477e-09
0.0,0.0,3.894835195765059e-10
0.0,0.0,4.21745041231068e-15
0.0,0.0,5.928839939414383e-07
0.0,0.0,2.428938628161886e-05
0.0,0.0,5.168710392914885e-12
0.0,0.0,9.970252051742351e-10
0.0,0.0,1.4426043254132807e-13
0.0,0.0,8.376798662307403e-10
0.0,0.0,1.0705551242274705e-11
0.0,0.0,6.428689160978445e-07
0.0,0.0,7.63120500797317e-08
0.0,0.0,1.2636377470399383e-06
0.0,0.0,6.299776743470649e-16
0.0,0.0,3.89486146099404e-10
0.0,0.0,2.1760378821483813e-10
0.0,0.0,4.355924241920974e-15
0.0,0.0,0.0006611541023950116
0.0,0.0,8.797764752721541e-10
0.0,0.0,2.1824449819388474e-10
0.0,0.0,4.08117791697857e-11
0.0,0.0,4.562655090306799e-06
0.0,0.0,3.5789782788860165e-12
0.0,0.0,3.408327236915961e-07
0.0,0.0,1.0153000310540747e-14
0.0,0.0,6.991175263464234e-10
0.0,0.0,0.0006111911787948553
0.0,0.0,5.300043234299512e-06
0.0,0.0,4.557556038657309e-05
0.0,0.0,1.1697400997992665e-14
0.0,0.0,0.026386148862997946
0.0,0.0,0.004296083279134743
0.0,0.0,3.1922896620951877e-12
0.0,0.0,1.3222465723246309e-05
0.0,0.0,1.625201869410631e-09
0.0,0.0,8.313005699728424e-10
0.0,0.0,2.0040866223844095e-12
0.0,0.0,4.28177290319243e-10
0.0,0.0,3.742606075118914e-12
0.0,0.0,4.544987343496782e-13
0.0,0.0,5.1137340344508786e-08
0.0,0.0,7.574863781734168e-09
0.0,0.0,3.8233035417840755e-10
0.0,0.0,2.9494982178893996e-09
0.0,0.0,2.443479833610096e-10
0.0,0.0,9.405017834018079e-10
0.0,0.0,4.191754000899588e-06
0.0,0.0,4.872986331954944e-07
0.0,0.0,5.5213517282876396e-08
0.0,0.0,3.549400818126149e-10
0.0,0.0,2.1601492568215046e-08
0.0,0.0,1.929626185246173e-11
0.0,0.0,7.315555354170412e-11
0.0,0.0,1.2565067037938512e-07
0.0,0.0,4.7895500502105085e-12
0.0,0.0,9.422077918451921e-11
0.0,0.0,1.5487313527845452e-10
0.0,0.0,2.7743304653892236e-11
0.0,0.0,2.0406155942241454e-09
0.0,0.0,1.0516611963881345e-08
0.0,0.0,1.569161359612328e-07
0.0,0.0,1.9785346522810469e-07
1.0,0.0,0.573359751071575
0.0,0.0,6.568509625385194e-08
0.0,0.0,1.629879323496155e-08
0.0,0.0,1.4373706295440972e-08
0.0,0.0,0.00011279620098821623
0.0,0.0,5.748494888775426e-17
0.0,0.0,2.71345632855061e-12
0.0,0.0,4.2518320325699305e-07
0.0,0.0,2.788125813554692e-15
0.0,0.0,0.0019239140917548787
0.0,0.0,1.8146211413480392e-11
0.0,0.0,6.7004723323440735e-09
0.0,0.0,4.364302544453582e-11
0.0,0.0,3.7730033373867925e-05
0.0,0.0,2.364742098303163e-06
0.0,0.0,1.7302229142602308e-06
1.0,0.0,0.998216658277736
0.0,0.0,0.33724033290135996
0.0,0.0,5.348000199136989e-07
0.0,0.0,2.6598624439653157e-09
0.0,0.0,6.095450191628479e-09
0.0,0.0,4.798169947299991e-10
0.0,0.0,0.018593615008412386
0.0,0.0,4.404791028968553e-13
0.0,0.0,2.6708332367748723e-06
0.0,0.0,1.0139767032361554e-09
0.0,0.0,9.93143611997197e-10
0.0,0.0,0.0010112174010725862
0.0,0.0,4.345072873331709e-08
0.0,0.0,0.00022541723717290832
0.0,0.0,1.173813008053273e-11
0.0,0.0,0.00015478552820928732
0.0,0.0,7.418096350035363e-09
0.0,0.0,6.238522045962174e-15
0.0,0.0,3.228694472401225e-10
0.0,0.0,5.573712669235896e-06
0.0,0.0,8.786343627969842e-10
0.0,0.0,0.004522015557639687
0.0,0.0,7.16396361088317e-10
0.0,0.0,1.6110243144233255e-11
0.0,0.0,2.3072585210037146e-13
0.0,0.0,0.0007382862999561444
0.0,0.0,1.32254689931597e-10
0.0,0.0,3.8478534480527167e-07
0.0,0.0,4.44625712568984e-12
0.0,0.0,0.004275960601408978
0.0,0.0,2.070881603145895e-06
0.0,0.0,5.96641604716252e-09
0.0,0.0,1.2353575954558986e-12
0.0,0.0,0.00030797166843387936
0.0,0.0,2.5448022235780265e-11
0.0,0.0,6.59057942740293e-08
0.0,0.0,1.150539937912947e-11
0.0,0.0,4.6276834896614646e-11
0.0,0.0,4.4435356365701885e-11
0.0,0.0,1.4228933558134812e-09
0.0,0.0,5.94964932093692e-13
0.0,0.0,4.925071619163394e-11
1.0,0.0,0.6503894875177944
0.0,0.0,2.3165027125812373e-07
0.0,0.0,1.6237306752857184e-08
0.0,0.0,1.1622343177714093e-08
0.0,0.0,7.565694601636737e-05
0.0,0.0,3.0528801160220393e-10
0.0,0.0,4.096173313535068e-07
0.0,0.0,9.570892816927456e-09
0.0,0.0,2.6437915202661828e-11
0.0,0.0,8.243410588221363e-11
0.0,0.0,4.296572791736863e-11
0.0,0.0,2.4896307614065412e-05
0.0,0.0,3.7198977829449667e-16
0.0,0.0,7.003205284131118e-14
0.0,0.0,0.0016242781593846715
0.0,0.0,2.6941840700432567e-08
0.0,0.0,7.1791270861835585e-09
0.0,0.0,8.714078943526456e-11
0.0,0.0,5.129718344247357e-11
0.0,0.0,3.422329880174881e-13
0.0,0.0,4.7796258314341154e-11
0.0,0.0,5.839075798590715e-09
0.0,0.0,5.60632725358929e-16
1.0,0.0,0.9981945490546263
0.0,0.0,3.565316057006507e-10
0.0,0.0,4.5822790184412233e-08
0.0,0.0,8.965187060624996e-09
0.0,0.0,2.1760174625941244e-07
0.0,0.0,3.0240665883878235e-10
0.0,0.0,3.402248488198366e-09
0.0,0.0,4.5738130089897247e-10
0.0,0.0,0.0018117693487586762
0.0,0.0,2.411392816956574e-10
0.0,0.0,6.46227998659508e-10
0.0,0.0,1.3452190722375145e-05
0.0,0.0,8.466304178507022e-13
0.0,0.0,1.1541071986685957e-09
0.0,0.0,0.06808115403887757
0.0,0.0,2.9077419734085226e-10
0.0,0.0,9.762836377451902e-10
0.0,0.0,1.0448467842901754e-14
0.0,0.0,4.326950129631054e-10
0.0,0.0,3.8232618215326926e-11
0.0,0.0,8.203906706413506e-08
0.0,0.0,3.4704166937201803e-09
1.0,0.0,0.9999913026795203
0.0,0.0,6.980947405461264e-12
0.0,0.0,5.283804808931894e-10
1.0,1.0,0.9999996679214126
0.0,0.0,1.339358283152002e-06
0.0,0.0,5.4811432789205586e-11
0.0,0.0,1.3559983673259023e-07
0.0,0.0,1.5695169798501954e-14
0.0,0.0,1.8398208678082075e-10
0.0,0.0,6.394117341556727e-14
0.0,0.0,4.317495095730732e-09
0.0,0.0,1.729627452038727e-10
0.0,0.0,2.0443892037855907e-12
0.0,0.0,1.846984442805946e-07
0.0,0.0,1.6865766193453242e-09
0.0,0.0,3.761698689235159e-11
0.0,0.0,1.2538461764915926e-12
1.0,0.0,0.9998341066443635
0.0,0.0,4.458316035390911e-06
0.0,0.0,8.114000111762385e-13
0.0,0.0,2.987974208459779e-07
0.0,0.0,0.00047233706320169396
0.0,0.0,6.979227011927543e-11
0.0,0.0,5.30271417679043e-08
0.0,0.0,1.5398679811773035e-17
0.0,0.0,3.600482277266929e-09
0.0,0.0,2.1346527990022486e-07
0.0,0.0,0.014316290612948755
0.0,0.0,5.416528331207745e-11
0.0,0.0,6.037012811269122e-10
0.0,0.0,7.51528255425415e-14
0.0,0.0,3.320045150792015e-07
0.0,0.0,4.368503767280304e-12
0.0,0.0,4.208185993750093e-08
0.0,0.0,4.698726368676073e-10
0.0,0.0,0.0011302603896168912
0.0,0.0,3.950178655700053e-05
0.0,0.0,0.0006171908377550873
0.0,0.0,2.852587105874005e-11
0.0,0.0,8.847897950714301e-11
0.0,0.0,3.593726376953086e-07
0.0,0.0,4.697037330117129e-14
0.0,0.0,1.6937406938537003e-05
0.0,0.0,2.707760291961298e-12
0.0,0.0,2.9734830527505457e-07
0.0,0.0,1.1936871808949125e-12
0.0,0.0,2.918566593434508e-08
0.0,0.0,2.3795825664255716e-10
1.0,0.0,0.525452424826455
0.0,0.0,0.00013340043433743653
0.0,0.0,1.4771231296063107e-09
0.0,0.0,0.0004894719865454815
0.0,0.0,9.116649476553737e-09
0.0,0.0,9.817559998786195e-08
0.0,0.0,1.0538577476188987e-05
0.0,0.0,2.6896096283345836e-12
0.0,0.0,0.010583490859322238
0.0,0.0,5.527316391401328e-08
0.0,0.0,2.8802118755214994e-09
0.0,0.0,4.121478725505727e-10
0.0,0.0,1.0282949137230545e-08
0.0,0.0,1.9902836294407795e-07
0.0,0.0,1.2329984103993401e-10
0.0,0.0,1.1066135199734272e-10
0.0,0.0,6.126977175452203e-06
0.0,0.0,6.494383608482274e-08
0.0,0.0,0.0029225630644993538
0.0,0.0,0.0009589011805489236
0.0,0.0,1.065674816983477e-12
0.0,0.0,2.7532310008622395e-10
0.0,0.0,6.506181232113156e-12
0.0,0.0,1.0692633512997118e-09
0.0,0.0,4.59188495661217e-11
0.0,0.0,4.3260026371815934e-05
0.0,0.0,3.320623873781235e-11
0.0,0.0,1.652871476727649e-05
0.0,0.0,8.088664878466845e-10
0.0,0.0,1.411043857566999e-07
0.0,0.0,1.8521090860638142e-15
0.0,0.0,4.576360402179535e-11
0.0,0.0,4.4910692972992115e-09
0.0,0.0,2.3131711317951397e-11
0.0,0.0,1.9554247676915277e-08
0.0,0.0,3.4589451689959437e-08
0.0,0.0,1.1456739972349874e-06
0.0,0.0,2.7522885325458982e-09
0.0,0.0,0.00022428380956182232
0.0,0.0,1.5599979338595698e-09
0.0,0.0,1.5739018298714915e-10
0.0,0.0,2.3044227274859864e-10
0.0,0.0,2.3980986365179335e-10
0.0,0.0,3.402875539106457e-08
0.0,0.0,3.136265649945168e-10
0.0,0.0,2.0553295701009634e-15
0.0,0.0,9.225014213146606e-07
0.0,0.0,1.2451080108997294e-07
0.0,0.0,8.925167525615345e-08
0.0,0.0,0.4901159088690175
0.0,0.0,5.480674796576879e-10
0.0,0.0,1.247763540503242e-13
0.0,0.0,0.0002704776242256852
0.0,0.0,8.314815029069186e-10
0.0,0.0,4.2204666840837177e-07
0.0,0.0,7.827643147580162e-12
0.0,0.0,7.439079337797529e-09
0.0,0.0,1.760715298350455e-07
0.0,0.0,7.907742747813136e-12
0.0,0.0,3.9263208530588644e-16
0.0,0.0,9.889785345527297e-07
0.0,0.0,4.46851112062904e-13
0.0,0.0,4.902599202847924e-10
0.0,0.0,1.3526624104912076e-15
0.0,0.0,2.77082659952938e-11
0.0,0.0,1.8199414589318014e-08
0.0,0.0,4.355225154708422e-05
0.0,0.0,9.249892110869289e-15
0.0,0.0,2.7463423027693463e-09
0.0,0.0,3.942675771632072e-10
0.0,0.0,7.562431142612554e-09
0.0,0.0,5.945065804158626e-12
0.0,0.0,1.3643787986866752e-09
0.0,0.0,1.7492610389922562e-13
0.0,0.0,3.1686196790888795e-10
1.0,0.0,0.9359837673554026
0.0,0.0,8.518922823848222e-12
0.0,0.0,2.3734701078630517e-05
0.0,0.0,2.5857632238940522e-05
0.0,0.0,3.963212841267429e-06
0.0,0.0,3.0489848356048275e-17
0.0,0.0,5.200163940131097e-13
0.0,0.0,0.0005841120515694369
0.0,0.0,0.17392826195162475
0.0,0.0,2.482900877208642e-09
0.0,0.0,5.1095852293556576e-11
0.0,0.0,1.1248561854364023e-08
0.0,0.0,7.701505753749e-09
0.0,0.0,1.376198874220194e-16
1.0,1.0,0.9995875362243183
0.0,0.0,1.2394641389275663e-09
0.0,0.0,1.9455038150503555e-09
0.0,0.0,6.858679797415276e-07
0.0,0.0,1.4593804962065054e-12
0.0,0.0,1.1552212280268614e-07
0.0,0.0,0.0010382260393693534
0.0,0.0,1.7631610421336866e-09
0.0,0.0,2.2790206596719508e-08
0.0,0.0,0.06966319731971571
0.0,0.0,3.3766819246202796e-09
0.0,0.0,3.1298136555107565e-09
0.0,0.0,1.6609727859899482e-07
0.0,0.0,1.2337497509257333e-14
0.0,0.0,1.2716498125731493e-10
1.0,0.0,0.7702131507907505
0.0,0.0,3.185834724161805e-12
0.0,0.0,0.00013824353537850536
0.0,0.0,1.4460673350686235e-08
0.0,0.0,3.0059244727840043e-13
0.0,0.0,1.9238498022420404e-10
0.0,0.0,1.452299452954677e-13
0.0,0.0,1.0964998848238308e-06
0.0,0.0,3.5921065525763457e-06
0.0,0.0,1.2461005577831608e-09
0.0,0.0,0.008316439963334792
0.0,0.0,8.317916147473557e-07
0.0,0.0,0.0009388239002010134
0.0,0.0,1.2163554680169892e-13
0.0,0.0,7.345488181898815e-06
0.0,0.0,7.773714552532251e-10
0.0,0.0,2.359625614761414e-05
0.0,0.0,1.34471995180197e-08
0.0,0.0,2.8038212035751994e-07
0.0,0.0,1.6699764912260786e-11
0.0,0.0,0.13854507405578737
0.0,0.0,1.5004138261222679e-12
0.0,0.0,5.90784307505705e-13
0.0,0.0,0.00044950965305663374
0.0,0.0,8.378196264285265e-22
0.0,0.0,1.253512423525037e-06
0.0,0.0,6.067771524392331e-08
0.0,0.0,4.5541185360738796e-09
0.0,0.0,6.04863728610401e-10
0.0,0.0,2.9725911089463827e-07
0.0,0.0,1.2672680679350574e-17
0.0,0.0,0.03377477507655926
0.0,0.0,3.979682768024033e-12
0.0,0.0,0.0021806854840951875
0.0,0.0,9.104712525405068e-10
0.0,0.0,3.638760777079402e-18
0.0,0.0,0.06479427133326536
0.0,0.0,4.754514632055262e-11
0.0,0.0,1.7224612643559938e-10
0.0,0.0,6.062304886156329e-10
0.0,0.0,4.01291608694358e-10
0.0,0.0,4.199144345074921e-05
0.0,0.0,1.0119294735318046e-10
0.0,0.0,4.808266902542221e-08
0.0,0.0,1.0538668868532993e-12
0.0,0.0,7.465594574159148e-09
0.0,0.0,0.00014734498633980897
0.0,0.0,2.6421618412849853e-05
0.0,0.0,9.354782158632182e-10
0.0,0.0,8.108739934850816e-10
0.0,0.0,6.19639058239341e-14
0.0,0.0,4.127586145998248e-09
0.0,0.0,0.00839701808491326
0.0,0.0,1.5547707310140533e-13
0.0,0.0,2.12893045540517e-08
0.0,0.0,1.5855665559360225e-06
0.0,0.0,3.271445766637591e-10
0.0,0.0,3.0441112847389957e-05
1.0,0.0,0.6391763823618681
0.0,0.0,1.1183279000097443e-09
0.0,0.0,2.663022521553819e-07
0.0,0.0,0.09912784983396794
0.0,0.0,3.2105867816821197e-07
0.0,0.0,1.1552895070193442e-08
0.0,0.0,2.8300673485129395e-15
0.0,0.0,7.369386988210785e-08
0.0,0.0,1.0588775938893238e-11
0.0,0.0,3.153774782237827e-10
0.0,0.0,3.80892066408953e-06
0.0,0.0,9.982524375699721e-16
0.0,0.0,9.733069340889202e-08
0.0,0.0,4.19028486035248e-06
0.0,0.0,3.934481906671868e-11
0.0,0.0,1.125557642144103e-12
0.0,0.0,2.630513993937013e-08
0.0,0.0,1.2942806246333308e-07
0.0,0.0,3.0879533675876926e-14
0.0,0.0,7.494661243851934e-07
0.0,0.0,0.06756598979356888
0.0,0.0,4.5058784449456605e-11
0.0,0.0,3.1964365743612076e-09
0.0,0.0,1.1545655302632667e-10
0.0,0.0,1.0035711022050569e-12
0.0,0.0,7.805454107369677e-08
0.0,0.0,0.00019380750933304744
0.0,0.0,2.8898719982444113e-16
0.0,0.0,6.119251479615972e-12
0.0,0.0,2.6149289202667516e-10
0.0,0.0,5.126602722338248e-13
0.0,0.0,0.3291014048569448
0.0,0.0,6.501692190878722e-09
0.0,0.0,3.073842370224167e-12
0.0,0.0,2.9465426308139876e-06
0.0,0.0,5.6093345231274926e-11
0.0,0.0,9.421234328291002e-11
0.0,0.0,7.734197610637151e-08
0.0,0.0,3.857144780676351e-12
0.0,0.0,2.0453064619776925e-05
0.0,0.0,1.555557951097626e-10
1.0,1.0,0.9999712375905483
0.0,0.0,1.5881696619651384e-09
0.0,0.0,7.058074265050289e-10
0.0,0.0,1.7966090253162362e-10
0.0,0.0,0.0002797995206373482
0.0,0.0,1.0231579425095698e-09
0.0,0.0,5.826498514355098e-11
0.0,0.0,1.1691743357367549e-09
0.0,0.0,4.537961519860181e-08
0.0,0.0,2.999165801712437e-11
0.0,0.0,4.017240979809281e-11
0.0,0.0,2.7647719598533092e-09
0.0,0.0,6.235966661230753e-09
0.0,0.0,1.2057069614677856e-12
0.0,0.0,2.6335371349572975e-10
0.0,0.0,7.984721105197762e-12
0.0,0.0,1.8011358207684026e-09
0.0,0.0,1.0622645996888582e-06
0.0,0.0,7.714714520335903e-09
0.0,0.0,6.3834971680382636e-09
0.0,0.0,1.9752991647764005e-05
0.0,0.0,1.5788811795517547e-08
0.0,0.0,4.098380845662464e-06
0.0,0.0,3.592424780326816e-16
0.0,0.0,5.984876886687814e-12
0.0,0.0,4.7447468197324274e-09
0.0,0.0,0.00720236658430605
0.0,0.0,0.0001430281207060623
0.0,0.0,1.860325389980037e-05
0.0,0.0,3.886301252886387e-08
0.0,0.0,4.263248913407774e-08
0.0,0.0,6.697104857129283e-09
0.0,0.0,1.2422392149392356e-12
0.0,0.0,1.842530165083294e-05
0.0,0.0,1.5953109110065885e-06
0.0,0.0,1.1083182396609237e-13
0.0,0.0,2.8683035725438856e-07
0.0,0.0,4.871145126833476e-11
0.0,0.0,2.0137646834722935e-11
0.0,0.0,1.9648245358814782e-13
0.0,0.0,8.208349110673955e-11
0.0,0.0,7.009583542352299e-10
1.0,0.0,0.7218278857831515
0.0,0.0,1.4231676292421758e-07
0.0,0.0,8.026187406622846e-06
0.0,0.0,4.472420096713541e-07
0.0,0.0,2.5225012296991847e-10
0.0,0.0,9.952901641480974e-10
0.0,0.0,1.049881663038964e-09
0.0,0.0,1.6882841254214295e-05
0.0,0.0,9.71219404232321e-07
0.0,0.0,6.7094126450434034e-12
0.0,0.0,5.564535817674254e-05
0.0,0.0,5.353620777253473e-12
0.0,0.0,1.4463888688902773e-13
0.0,0.0,6.717656194024342e-08
0.0,0.0,0.41858100901735085
0.0,0.0,0.00024063797544100868
0.0,0.0,1.463651038285136e-11
0.0,0.0,4.35165082639172e-08
0.0,0.0,4.2334303660403605e-08
0.0,0.0,8.665229250982541e-10
0.0,0.0,4.880801349622298e-09
0.0,0.0,1.7740715875184812e-10
0.0,0.0,1.5912901286209058e-12
0.0,0.0,1.677818356281847e-05
0.0,0.0,3.767630516934343e-12
0.0,0.0,7.865642990422808e-09
0.0,0.0,3.9225869445273757e-11
0.0,0.0,2.9117052008901677e-09
0.0,0.0,7.921727036185163e-08
0.0,0.0,3.5360477806322324e-08
0.0,0.0,9.23737219361155e-11
0.0,0.0,0.004714382807408128
0.0,0.0,1.5501741230098128e-11
0.0,0.0,5.827809923990278e-16
0.0,0.0,4.223022912790883e-10
0.0,0.0,0.001615797926300324
0.0,0.0,4.953882259496415e-09
0.0,0.0,5.051885268539383e-06
0.0,0.0,5.506743829965004e-07
0.0,0.0,2.453305338307284e-13
0.0,0.0,6.463336558668952e-05
0.0,0.0,2.137477857692298e-12
0.0,0.0,7.328907112375303e-08
0.0,0.0,2.80168705737725e-06
0.0,0.0,6.722238751076013e-16
0.0,0.0,3.591420824920316e-09
0.0,0.0,1.5955126576566287e-11
0.0,0.0,3.555642874643928e-11
0.0,0.0,9.90351069370168e-09
1.0,0.0,0.9818543263573891
0.0,0.0,9.611895886698218e-08
0.0,0.0,2.7219019241267865e-08
1.0,0.0,0.9999471729073663
0.0,0.0,2.8678238213882123e-10
0.0,0.0,6.628348422328331e-05
0.0,0.0,1.3838380597665045e-08
0.0,0.0,7.140302980781132e-11
0.0,0.0,6.850351543571924e-07
0.0,0.0,2.483880244192757e-13
0.0,0.0,3.6863240661775995e-06
0.0,0.0,2.1753763796158335e-06
0.0,0.0,3.91526330496877e-16
0.0,0.0,5.001223862271054e-05
0.0,0.0,3.888319474785637e-11
0.0,0.0,1.839037671908772e-05
0.0,0.0,1.3644501161532671e-08
0.0,0.0,3.474037881630307e-12
0.0,0.0,0.0002614260922167103
0.0,0.0,9.136258874991051e-09
0.0,0.0,5.0602578613361914e-11
0.0,0.0,9.115306941877766e-18
0.0,0.0,2.1983577988036844e-11
0.0,0.0,0.22295991650923416
0.0,0.0,1.422392609801255e-10
0.0,0.0,1.0823246372438034e-17
0.0,0.0,0.005495221312832493
0.0,0.0,6.377983882196163e-09
0.0,0.0,9.41847146262474e-12
0.0,0.0,5.985205896399819e-07
0.0,0.0,1.79962051326589e-07
0.0,0.0,2.2333040589100436e-10
0.0,0.0,1.4654777505390562e-11
0.0,0.0,1.9918090291788574e-09
0.0,0.0,1.819032544636998e-09
0.0,0.0,0.00025568701487793953
0.0,0.0,0.0016445760944479844
0.0,0.0,2.2403106156508774e-09
0.0,0.0,8.29030203893786e-10
0.0,0.0,2.401370828368454e-10
0.0,0.0,2.746783319556134e-10
0.0,0.0,0.011617656317130534
0.0,0.0,1.3706479115303766e-10
1.0,0.0,0.5854218647764928
0.0,0.0,0.0027890117367731187
0.0,0.0,1.342508250976544e-05
0.0,0.0,8.353745701683588e-07
0.0,0.0,9.405344315270208e-07
0.0,0.0,1.3720632859295073e-10
0.0,0.0,9.023655042725756e-09
0.0,0.0,1.1602752354046252e-05
0.0,0.0,6.358548074130798e-07
0.0,0.0,0.45119048685468466
0.0,0.0,4.428057049847397e-09
0.0,0.0,8.918578492721857e-15
0.0,0.0,2.206172003637198e-14
0.0,0.0,1.754691577750235e-09
0.0,0.0,5.704121032130781e-07
0.0,0.0,0.00015437520656331482
0.0,0.0,9.858626791191486e-15
0.0,0.0,1.3061974381000852e-12
0.0,0.0,2.2962355886197584e-10
0.0,0.0,1.1010866568727032e-07
0.0,0.0,2.9679222427904215e-10
0.0,0.0,3.313943129662058e-07
0.0,0.0,4.2737379086538433e-10
0.0,0.0,7.913946867486972e-08
0.0,0.0,4.4049936354712084e-07
0.0,0.0,3.557083292333096e-11
0.0,0.0,1.0053411798825813e-07
0.0,0.0,3.0774208093580375e-09
0.0,0.0,5.3924591967107555e-09
0.0,0.0,6.16982635182064e-08
0.0,0.0,0.2530145146695974
0.0,0.0,0.18627273976361955
0.0,0.0,2.8810762592251924e-15
0.0,0.0,0.10571835352654493
0.0,0.0,1.8571399105851468e-05
0.0,0.0,8.82879205022746e-11
0.0,0.0,7.251224531688321e-06
0.0,0.0,0.000147992190831129
0.0,0.0,0.011722879991852488
1.0,0.0,0.9994728653270248
0.0,0.0,5.30360773082986e-12
0.0,0.0,2.2509870701768224e-17
0.0,0.0,8.809831451901544e-11
0.0,0.0,1.427318668452805e-08
0.0,0.0,2.9126645948066314e-06
0.0,0.0,6.370301463655886e-09
0.0,0.0,4.634429875148585e-07
0.0,0.0,1.3420602407000298e-10
0.0,0.0,1.2732857388266003e-12
0.0,0.0,1.7252528042027415e-05
0.0,0.0,1.65894846889571e-06
0.0,0.0,0.0013073015681773267
0.0,0.0,7.160458836817031e-11
0.0,0.0,0.009554513644176596
0.0,0.0,1.27589543033017e-05
0.0,0.0,0.005817478090322409
0.0,0.0,7.073535038149644e-06
0.0,0.0,4.077260972093212e-12
0.0,0.0,0.00017986407569267854
0.0,0.0,1.3498797576672945e-19
0.0,0.0,3.160116084295957e-10
0.0,0.0,4.774226333000759e-05
0.0,0.0,8.713556930314826e-06
0.0,0.0,5.316455169877537e-07
0.0,0.0,1.5881105967502386e-10
0.0,0.0,9.557898996819194e-08
0.0,0.0,4.652646612602905e-07
0.0,0.0,1.3390094450387368e-10
0.0,0.0,3.878862286808424e-08
0.0,0.0,4.905229555261839e-07
0.0,0.0,4.313897255953118e-18
0.0,0.0,5.826529342785612e-12
0.0,0.0,7.53537955374988e-10
0.0,0.0,1.5258242822190702e-21
0.0,0.0,7.415970220528149e-11
0.0,0.0,8.875671075805219e-16
0.0,0.0,7.10347042868406e-09
0.0,0.0,2.009267736780374e-12
0.0,0.0,0.004176198775990663
0.0,0.0,2.0352569707199176e-06
0.0,0.0,4.772100751015109e-12
0.0,0.0,1.4263123051888375e-05
0.0,0.0,8.51805994078887e-18
0.0,0.0,1.4893692648145746e-11
0.0,0.0,0.0003453190408055391
0.0,0.0,7.93401410733094e-06
0.0,0.0,4.736945154836066e-05
0.0,0.0,1.6232891386732337e-09
0.0,0.0,4.514390045266791e-10
0.0,0.0,0.0011102397711947013
0.0,0.0,1.8809679575192283e-12
0.0,0.0,2.0306375639632286e-06
0.0,0.0,8.923463724247743e-09
0.0,0.0,4.686686704119627e-11
0.0,0.0,8.129897437626989e-08
0.0,0.0,2.173745157625896e-10
0.0,0.0,2.658851435441318e-16
0.0,0.0,0.0008054419538403801
0.0,0.0,2.7628230504816852e-11
0.0,0.0,3.0340941567247377e-10
0.0,0.0,3.4383172956297206e-08
1.0,0.0,0.7311573721290056
0.0,0.0,8.815389400149391e-10
0.0,0.0,6.459628552199092e-13
0.0,0.0,1.9960614585399497e-08
1.0,1.0,0.9956827405214653
0.0,0.0,9.140830979775424e-09
0.0,0.0,1.2485147377885119e-08
0.0,0.0,0.0021403549937017187
0.0,0.0,2.517940229813177e-12
0.0,0.0,0.00015849657663390623
0.0,0.0,0.04774160092516215
0.0,0.0,6.780453339358069e-09
0.0,0.0,6.016521072120704e-11
0.0,0.0,2.0824981088744895e-09
0.0,0.0,1.582220973389407e-10
0.0,0.0,3.5814895385839903e-09
0.0,0.0,0.0014033027950646462
0.0,0.0,6.67423869916891e-12
0.0,0.0,1.3018674234113553e-10
0.0,0.0,0.006115299817982173
0.0,0.0,1.056587589437488e-05
0.0,0.0,2.5915986235355755e-08
0.0,0.0,0.0025700051474660973
0.0,0.0,9.276322289542848e-19
0.0,0.0,9.193790944140886e-10
0.0,0.0,0.00031484449500090474
0.0,0.0,2.269473209088472e-11
0.0,0.0,1.0115535509730727e-19
0.0,0.0,1.7691829445068373e-10
0.0,0.0,1.4907550442759867e-07
0.0,0.0,1.818275452557309e-06
0.0,0.0,0.0004278518094567121
0.0,0.0,1.876448947768835e-13
0.0,0.0,1.2520614603482848e-13
0.0,0.0,2.682855826826342e-15
0.0,0.0,5.049667261123863e-10
0.0,0.0,1.0216517490397646e-15
0.0,0.0,6.197746504391016e-09
0.0,0.0,5.897408844243987e-06
0.0,0.0,4.3934029464841024e-11
0.0,0.0,1.6423643712284365e-09
0.0,0.0,2.5411806962275293e-06
0.0,0.0,0.0001241755403608834
0.0,0.0,4.400171721037224e-05
0.0,0.0,6.821445323568156e-12
0.0,0.0,6.74097708803985e-09
0.0,0.0,6.279092843684302e-07
0.0,0.0,1.5604816386498683e-13
0.0,0.0,1.2861384622208271e-08
0.0,0.0,2.388116325369053e-12
0.0,0.0,1.7923699065216875e-06
0.0,0.0,1.4628025275239103e-10
0.0,0.0,2.6812043323873917e-06
0.0,0.0,3.102165418805291e-13
0.0,0.0,7.15666087499585e-11
0.0,0.0,1.1966885725364151e-09
0.0,0.0,7.473321042949924e-12
1.0,0.0,0.7937335529771318
0.0,0.0,3.4476625668796784e-09
0.0,0.0,1.980298084660663e-05
0.0,0.0,1.7888385389402173e-08
0.0,0.0,7.342615690615402e-09
0.0,0.0,1.1876584112348746e-07
0.0,0.0,8.415049921121068e-13
0.0,0.0,4.026670302696518e-12
0.0,0.0,2.5597307462372734e-07
0.0,0.0,1.2438147166527664e-07
0.0,0.0,8.5429300741734e-09
0.0,0.0,1.5550774419998267e-07
0.0,0.0,8.841003668869186e-08
0.0,0.0,4.097117619643268e-05
0.0,0.0,4.339392568641782e-11
0.0,0.0,0.00013486702477314056
0.0,0.0,7.83244186796912e-13
0.0,0.0,0.02021337424404277
0.0,0.0,6.998206321321372e-06
0.0,0.0,0.002323593552479185
0.0,0.0,0.24298529784175077
0.0,0.0,3.021240963850549e-07
0.0,0.0,8.538573139217515e-08
0.0,0.0,4.0156326869687786e-13
0.0,0.0,1.1538985370718578e-13
0.0,0.0,1.661931116749255e-09
0.0,0.0,5.168127241833541e-10
0.0,0.0,7.024016279542544e-09
0.0,0.0,5.1779047940016953e-11
0.0,0.0,5.345723831558721e-10
0.0,0.0,3.6262092569218915e-07
0.0,0.0,3.442764331747691e-10
0.0,0.0,1.9373074005556377e-09
0.0,0.0,4.2111481453650915e-11
0.0,0.0,3.6446977913027533e-07
0.0,0.0,1.6198220537974028e-10
0.0,0.0,7.802244144797575e-12
0.0,0.0,5.647237030503123e-13
0.0,0.0,2.4400132639775216e-10
0.0,0.0,0.0001303536935856585
0.0,0.0,6.447637349931893e-08
0.0,0.0,5.9434741094228545e-12
0.0,0.0,3.759027609893348e-11
0.0,0.0,0.055363851807482926
0.0,0.0,8.115127859008909e-05
0.0,0.0,4.175600726638617e-07
0.0,0.0,2.472756571254401e-07
0.0,0.0,6.18002994314179e-10
0.0,0.0,0.0003578515222594556
0.0,0.0,1.5754993109379368e-12
0.0,0.0,0.001997869734907225
0.0,0.0,5.265127372430404e-13
0.0,0.0,0.07736016186962151
0.0,0.0,0.015519472537957485
1.0,0.0,0.5664781196726845
0.0,0.0,2.139624573620504e-09
0.0,0.0,0.00012979235400871936
0.0,0.0,4.1418111870677295e-06
0.0,0.0,6.273848882826097e-05
0.0,0.0,1.2154798325331137e-09
0.0,0.0,1.536075693829373e-05
0.0,0.0,6.073367502182987e-06
0.0,0.0,1.5974347985731247e-08
0.0,0.0,1.0039694463803955e-10
0.0,0.0,3.877459118751529e-06
0.0,0.0,0.0030612434018859056
0.0,0.0,7.662866750698548e-15
0.0,0.0,2.1564051845188987e-13
0.0,0.0,4.897214599394762e-11
0.0,0.0,1.708479872005436e-09
0.0,0.0,8.646512721209529e-07
0.0,0.0,3.93033008963923e-07
0.0,0.0,0.006333266522844074
0.0,0.0,0.0001493125941225954
0.0,0.0,7.69872710859317e-07
0.0,0.0,5.544266467802438e-08
0.0,0.0,0.003150730604641563
0.0,0.0,0.00019880406521642332
0.0,0.0,3.079354637567627e-09
0.0,0.0,1.806944354005383e-13
0.0,0.0,1.5900959166060595e-12
0.0,0.0,1.0603008475584553e-07
0.0,0.0,9.512993874102707e-08
0.0,0.0,1.0802197822398448e-10
0.0,0.0,2.6639369701796983e-10
0.0,0.0,2.1007868563669394e-12
0.0,0.0,0.00016838814092174706
0.0,0.0,0.0007982147058376077
0.0,0.0,4.362410268144795e-06
1.0,0.0,0.9554919363888945
0.0,0.0,3.0016309688632928e-05
0.0,0.0,5.596039264124034e-11
0.0,0.0,4.591463708473648e-10
0.0,0.0,9.412572138799548e-11
0.0,0.0,1.3605981090014227e-09
0.0,0.0,1.2455531242499697e-07
0.0,0.0,4.260474052547153e-13
0.0,0.0,1.0740716813512546e-07
0.0,0.0,4.783797488982948e-10
0.0,0.0,1.864519016654825e-10
0.0,0.0,1.92029738150222e-09
0.0,0.0,1.308941924926951e-05
0.0,0.0,1.6456215334500794e-15
0.0,0.0,3.981400414038078e-12
0.0,0.0,2.4327511409296995e-10
0.0,0.0,7.824242092645739e-11
0.0,0.0,1.2296786787922418e-07
0.0,0.0,4.1446892992386844e-08
0.0,0.0,5.98328278972459e-10
0.0,0.0,2.631651873658585e-09
0.0,0.0,3.0282826296359174e-09
0.0,0.0,1.7387401886771939e-10
0.0,0.0,1.1531225870430566e-11
0.0,0.0,5.634532115698011e-10
0.0,0.0,5.5207537054121404e-08
0.0,0.0,5.55721198170073e-07
0.0,0.0,4.022802613913707e-09
0.0,0.0,4.6210900748491434e-07
0.0,0.0,1.1051139924775035e-09
0.0,0.0,2.446018699372268e-11
0.0,0.0,1.7597350735831621e-07
0.0,0.0,3.3192660814706775e-20
0.0,0.0,0.2686884522307774
0.0,0.0,1.4684691348284718e-07
0.0,0.0,8.213784102771845e-13
0.0,0.0,9.21332743872041e-15
0.0,0.0,3.124314696490809e-19
0.0,0.0,3.9730023800276557e-07
0.0,0.0,1.5907444060346698e-08
0.0,0.0,6.273212807187419e-09
0.0,0.0,2.845017895891949e-08
0.0,0.0,5.096345468807362e-10
1.0,0.0,0.8846150211088164
0.0,0.0,8.790442223325608e-09
0.0,0.0,7.802934717094511e-06
0.0,0.0,4.103420711679985e-08
0.0,0.0,2.966671877740049e-16
0.0,0.0,4.906648604976453e-14
0.0,0.0,1.343915752146533e-10
0.0,0.0,2.31594753705205e-11
0.0,0.0,8.189938000036468e-11
0.0,0.0,1.3749283999394403e-09
0.0,0.0,7.333049456891886e-06
0.0,0.0,6.90571399963811e-15
0.0,0.0,1.2598120018851573e-11
0.0,0.0,3.3163864713800403e-08
0.0,0.0,2.4126615481179364e-05
0.0,0.0,0.11379599721849265
1.0,0.0,0.9999855854088014
0.0,0.0,6.795519692387685e-06
0.0,0.0,5.747211557070335e-12
0.0,0.0,0.00010235243972508929
0.0,0.0,1.530317189501656e-06
0.0,0.0,3.107694392675782e-10
0.0,0.0,7.545872806061447e-20
0.0,0.0,6.327237335630536e-07
0.0,0.0,6.040785439230763e-09
0.0,0.0,4.237639845945967e-15
0.0,0.0,1.2166987383983546e-12
0.0,0.0,3.531630390681623e-12
0.0,0.0,9.151136751972754e-05
0.0,0.0,6.711986834115838e-13
0.0,0.0,2.891251375051533e-12
0.0,0.0,0.0005585896742026798
0.0,0.0,0.00011035042287580515
0.0,0.0,1.3192489195598007e-09
0.0,0.0,2.653280860706119e-13
0.0,0.0,1.1244791265442651e-05
0.0,0.0,2.890064503972582e-10
0.0,0.0,4.794667878337737e-10
0.0,0.0,2.905115022583826e-10
0.0,0.0,1.0055082297841354e-05
0.0,0.0,9.978310255208061e-05
0.0,0.0,1.0367454321587754e-10
0.0,0.0,2.297687169097707e-06
0.0,0.0,1.0044274361599929e-07
0.0,0.0,8.99812206780119e-06
0.0,0.0,3.196141538604264e-06
0.0,0.0,4.580388657466501e-14
0.0,0.0,2.818277157966254e-09
0.0,0.0,2.2497487563417937e-12
0.0,0.0,2.806083046149792e-06
0.0,0.0,2.200663366444774e-10
0.0,0.0,2.6566844005713457e-07
0.0,0.0,2.8855135533330122e-11
0.0,0.0,2.0083745862745793e-10
0.0,0.0,9.551565140818538e-13
0.0,0.0,1.033443652380734e-12
0.0,0.0,0.0033681673065087143
0.0,0.0,1.3282023553957576e-11
0.0,0.0,1.1291241227198563e-07
0.0,0.0,1.0327463942363553e-16
0.0,0.0,3.7784080188029276e-11
0.0,0.0,2.443720805195166e-07
0.0,0.0,1.4596879738931272e-10
0.0,0.0,4.95176008723964e-10
0.0,0.0,6.150219166478365e-05
0.0,0.0,6.684300575376645e-11
0.0,0.0,7.845485501520577e-06
0.0,0.0,0.0009648019249288517
0.0,0.0,0.0023341235919835963
0.0,0.0,3.34649304477263e-06
0.0,0.0,8.145937884454448e-08
0.0,0.0,5.21455918013492e-11
0.0,0.0,1.5502572812335185e-13
0.0,0.0,4.332202629066246e-06
0.0,0.0,2.408549751143541e-06
0.0,0.0,1.0295612860320895e-07
0.0,0.0,2.2518476955668443e-06
0.0,0.0,2.434822228868616e-09
1.0,0.0,0.6216093833599741
0.0,0.0,5.08416638192183e-09
0.0,0.0,2.1659267681730154e-06
0.0,0.0,2.154383663268592e-06
0.0,0.0,0.0007672428862775879
0.0,0.0,0.0031310518877685103
0.0,0.0,6.48240513332788e-10
0.0,0.0,3.59821026101292e-11
0.0,0.0,6.595808392792162e-14
0.0,0.0,2.7540924050512137e-13
0.0,0.0,1.7515673047927484e-05
0.0,0.0,4.650614013119279e-08
0.0,0.0,1.0667978636321151e-06
0.0,0.0,5.706794464429239e-12
1.0,1.0,0.9903943122369658
0.0,0.0,8.366961357320282e-10
0.0,0.0,3.25581541960899e-08
0.0,0.0,0.0012751786956034428
0.0,0.0,0.0013569575128271893
0.0,0.0,1.1063056795960308e-07
0.0,0.0,0.25067353292533284
0.0,0.0,0.07252804250480098
0.0,0.0,8.042397131245182e-12
0.0,0.0,3.689027377614399e-08
0.0,0.0,3.534308757700688e-11
0.0,0.0,5.384203565606482e-09
0.0,0.0,3.132223791341366e-07
0.0,0.0,2.3071714114463214e-15
0.0,0.0,0.00019813592064751867
0.0,0.0,7.582017820427717e-07
0.0,0.0,1.1712255221606062e-05
1.0,0.0,0.8860027061426706
0.0,0.0,1.3793866423595394e-05
0.0,0.0,2.219211269446601e-09
0.0,0.0,2.666470029759245e-10
1.0,0.0,0.8388928708040454
0.0,0.0,3.1349079522821433e-12
0.0,0.0,7.557052153490319e-08
0.0,0.0,3.4030477110964805e-09
0.0,0.0,1.0968421611944696e-08
0.0,0.0,1.0604669671492608e-10
0.0,0.0,1.7256743522722818e-07
0.0,0.0,6.624787333442073e-08
0.0,0.0,3.5784787890914468e-09
0.0,0.0,4.107236470032474e-15
0.0,0.0,1.5273474529268824e-07
0.0,0.0,0.00011513021403519421
0.0,0.0,3.590016640206659e-09
0.0,0.0,2.1527889198264995e-13
0.0,0.0,1.3538279330887202e-05
0.0,0.0,3.704648082148461e-07
0.0,0.0,0.19728483586999165
0.0,0.0,8.554332583260186e-10
0.0,0.0,1.2959859126642451e-09
0.0,0.0,4.3393643962772525e-16
0.0,0.0,0.0023801049629689204
0.0,0.0,1.6740863054181272e-07
0.0,0.0,9.548537193719027e-16
1.0,1.0,0.9551427669313914
0.0,0.0,1.7970046840577608e-09
0.0,0.0,5.493364992670181e-11
0.0,0.0,7.595584807376004e-07
0.0,0.0,1.777390371700801e-09
0.0,0.0,8.120689399932575e-09
1.0,0.0,0.9616022133495354
0.0,0.0,1.5612814237490383e-10
0.0,0.0,1.64363817059939e-11
0.0,0.0,7.255969108242603e-07
0.0,0.0,1.4713039268279614e-08
0.0,0.0,0.12664335581138397
0.0,0.0,1.1469988009151991e-10
0.0,0.0,4.539897290004392e-06
0.0,0.0,9.436044274850947e-08
0.0,0.0,3.3631780356876525e-13
0.0,0.0,0.0645778751635707
0.0,0.0,2.35899117319701e-08
0.0,0.0,5.432044671236349e-12
0.0,0.0,1.9678403519336776e-10
0.0,0.0,0.00804435486519779
0.0,0.0,1.043569425345922e-08
0.0,0.0,2.958601461365975e-09
0.0,0.0,2.463522246025761e-13
0.0,0.0,0.004985339621873994
0.0,0.0,4.145902130975258e-06
0.0,0.0,2.2826313642571634e-22
0.0,0.0,3.358376087230479e-08
0.0,0.0,7.40306899282089e-10
0.0,0.0,3.3396854985993497e-13
0.0,0.0,7.675406117997182e-07
0.0,0.0,4.7397874426594285e-12
0.0,0.0,1.0069100013403983e-05
0.0,0.0,5.3141415871818745e-09
0.0,0.0,9.512860162268918e-09
0.0,0.0,8.168840139991969e-11
0.0,0.0,2.852328139505739e-13
0.0,0.0,3.0165206842893274e-14
0.0,0.0,0.0012032691684739055
0.0,0.0,5.477039146871111e-10
0.0,0.0,5.602135684815192e-09
0.0,0.0,1.5804033294924573e-09
0.0,0.0,0.12214938666897057
0.0,0.0,0.0037112651337252453
0.0,0.0,1.0974599509529586e-07
0.0,0.0,1.6252007424338734e-09
0.0,0.0,3.2950258581515685e-05
0.0,0.0,1.2463225231175116e-13
0.0,0.0,1.3906596779933687e-06
0.0,0.0,3.6800771180200603e-13
0.0,0.0,2.8575709889431328e-11
0.0,0.0,6.677610039502328e-12
0.0,0.0,0.44490863786175755
0.0,0.0,5.428796121112443e-08
0.0,0.0,3.58561590706254e-05
0.0,0.0,1.5391983872336807e-06
0.0,0.0,1.314021608874371e-10
0.0,0.0,0.0013455681439121926
0.0,0.0,5.486333954881336e-13
0.0,0.0,0.0009962203389053152
0.0,0.0,1.683121517704584e-10
0.0,0.0,1.3706995651169088e-11
0.0,0.0,2.1205922221759016e-08
0.0,0.0,5.505129106467607e-11
0.0,0.0,6.211850349922115e-13
0.0,0.0,9.576756740500414e-09
0.0,0.0,3.737942661648739e-05
0.0,0.0,7.665365073170993e-13
0.0,0.0,1.6646102360552156e-10
0.0,0.0,2.050378106442074e-06
0.0,0.0,1.0962430050971227e-10
0.0,0.0,1.446991387003444e-08
0.0,0.0,4.136041540015865e-07
0.0,0.0,8.188795189593907e-08
0.0,0.0,5.057808126281299e-12
0.0,0.0,1.995588621642304e-11
0.0,0.0,5.963274415635939e-09
0.0,0.0,4.412914600444869e-05
0.0,0.0,1.1724417805602613e-10
0.0,0.0,8.853317194727145e-11
0.0,0.0,3.5615037246085488e-06
0.0,0.0,8.363279100819825e-10
0.0,0.0,5.480985064875706e-20
0.0,0.0,0.0018005392295628439
0.0,0.0,0.0015400659912606243
1.0,0.0,0.5946006199042742
0.0,0.0,3.782437075096095e-05
0.0,0.0,4.486535495400187e-13
0.0,0.0,4.3151968021626036e-11
0.0,0.0,1.5015473876999684e-08
0.0,0.0,4.112502133481044e-11
0.0,0.0,1.7445668444766313e-09
0.0,0.0,3.395518481976126e-07
0.0,0.0,0.012313142597215897
0.0,0.0,3.782776053927961e-07
0.0,0.0,6.916895000170092e-05
0.0,0.0,3.231858596061868e-08
1.0,0.0,0.7581200766109489
0.0,0.0,1.5595844640273198e-09
0.0,0.0,0.03426102945723233
0.0,0.0,2.9230782290601545e-09
0.0,0.0,0.008467545529636645
0.0,0.0,8.222204793917798e-07
0.0,0.0,0.00013032309103012428
0.0,0.0,5.643724871911995e-11
0.0,0.0,0.37315501642093796
0.0,0.0,1.0068789344608648e-09
0.0,0.0,0.011453877198780767
0.0,0.0,8.650424025048693e-08
0.0,0.0,6.737826974299954e-10
0.0,0.0,4.1729913656196185e-09
0.0,0.0,4.79544117757185e-10
0.0,0.0,2.2934547002273842e-11
0.0,0.0,0.0034689003967512417
0.0,0.0,5.1880618178551825e-06
0.0,0.0,0.005777222382506134
0.0,0.0,3.04792128188709e-08
0.0,0.0,1.9557540553974736e-07
0.0,0.0,1.0162615834579861e-07
0.0,0.0,5.599116839688811e-07
0.0,0.0,7.77317199908478e-07
0.0,0.0,5.438950577513316e-11
0.0,0.0,1.4158332795220835e-05
0.0,0.0,6.598101396000521e-15
0.0,0.0,0.00031515820560674843
0.0,0.0,1.1746832519977646e-13
0.0,0.0,2.0519498649548058e-12
0.0,0.0,5.348869472551321e-12
0.0,0.0,1.8899783561069905e-13
0.0,0.0,4.839355177946715e-16
0.0,0.0,1.1261289285788524e-10
0.0,0.0,5.115062754895197e-09
0.0,0.0,1.3615980709485949e-05
0.0,0.0,9.218530243792547e-07
0.0,0.0,2.9649840561548788e-09
0.0,0.0,1.7964736256426354e-09
0.0,0.0,3.91122121091773e-07
0.0,0.0,3.5847790589478002e-06
0.0,0.0,1.333325414325446e-07
0.0,0.0,5.965409673560814e-10
0.0,0.0,4.074305414392066e-06
0.0,0.0,1.822512338667766e-09
0.0,0.0,5.291560724065979e-06
0.0,0.0,0.0379005022425186
0.0,0.0,4.335500692578056e-06
0.0,0.0,1.3391008858435304e-08
0.0,0.0,6.391915299412199e-10
0.0,0.0,1.3510124593495238e-09
0.0,0.0,4.6838461236213646e-05
0.0,0.0,2.6160826640746797e-08
0.0,0.0,1.0044868939831526e-10
0.0,0.0,2.434839065470675e-09
0.0,0.0,6.122576133085439e-10
0.0,0.0,8.000440862246032e-12
0.0,0.0,1.2391999625660689e-08
0.0,0.0,3.6018249782291357e-06
0.0,0.0,3.250475200447414e-13
0.0,0.0,4.974786561726356e-11
1.0,0.0,0.999920303998488
0.0,0.0,0.10536000776007098
0.0,0.0,1.702716989753509e-11
1.0,1.0,0.9683775366934749
0.0,0.0,1.4889402084896078e-10
0.0,0.0,9.895978556648607e-10
0.0,0.0,1.4694070568319634e-16
0.0,0.0,2.1891272830288756e-12
0.0,0.0,2.522859371121353e-11
0.0,0.0,4.102986839264008e-12
0.0,0.0,2.9093475686368832e-05
0.0,0.0,3.261447376486793e-05
0.0,0.0,1.997885953146382e-10
0.0,0.0,2.5581576007956835e-10
0.0,0.0,1.0965093705416465e-13
0.0,0.0,1.92990600074545e-05
0.0,0.0,1.2324970216668183e-11
0.0,0.0,1.6869416245043038e-06
0.0,0.0,2.33904243373202e-08
0.0,0.0,2.4671572875455154e-11
0.0,0.0,1.3750016136055899e-11
0.0,0.0,9.402202470942601e-16
0.0,0.0,3.2098431401179622e-09
1.0,0.0,0.9938269361397624
0.0,0.0,1.4779082853395533e-05
0.0,0.0,1.1205335086878955e-09
0.0,0.0,1.2220861689149086e-13
0.0,0.0,6.569000797601521e-08
0.0,0.0,6.57493717990167e-09
0.0,0.0,3.3535276372320934e-10
0.0,0.0,1.4791960822645344e-07
0.0,0.0,2.32868674829729e-06
0.0,0.0,2.0425397140095943e-10
0.0,0.0,1.8802363431973524e-08
0.0,0.0,1.585780722086729e-06
0.0,0.0,4.9128644260193085e-08
0.0,0.0,7.559762918687024e-09
0.0,0.0,4.831264954832314e-09
0.0,0.0,3.7438232076036945e-11
0.0,0.0,3.2315549798342954e-09
0.0,0.0,2.9136529110587426e-11
0.0,0.0,1.3349478225858595e-08
0.0,0.0,3.482219247550356e-08
0.0,0.0,1.0829702317579413e-12
0.0,0.0,0.032540242260683375
0.0,0.0,1.0724380108349794e-07
0.0,0.0,1.0094779676251903e-09
0.0,0.0,1.8724020557390876e-09
0.0,0.0,2.8900837386589794e-08
0.0,0.0,1.583717340720711e-14
0.0,0.0,5.380850007836196e-12
0.0,0.0,6.750056188104605e-09
0.0,0.0,1.3139973220766019e-08
0.0,0.0,1.231925498775809e-12
0.0,0.0,0.21845857985855593
0.0,0.0,2.566997422089591e-10
0.0,0.0,1.394387616250346e-12
0.0,0.0,0.048367898635764864
0.0,0.0,5.6407404495839015e-09
0.0,0.0,1.4872057709458968e-09
0.0,0.0,1.6786579053548259e-09
0.0,0.0,4.554986145802694e-10
0.0,0.0,2.6622432254054246e-10
0.0,0.0,1.6796488517967687e-10
0.0,0.0,2.5502999920512393e-07
0.0,0.0,4.405809154435517e-06
1.0,0.0,0.8256828314005606
0.0,0.0,0.03511754735281079
0.0,0.0,3.2588980917479807e-12
0.0,0.0,2.0197079402732928e-10
0.0,0.0,2.5289397411975146e-09
0.0,0.0,2.4217192519505196e-12
0.0,0.0,0.003971780687503354
0.0,0.0,4.590508590256403e-11
0.0,0.0,2.106752606560673e-11
0.0,0.0,8.480190580906305e-08
0.0,0.0,0.009584470008549695
0.0,0.0,1.3715321419704762e-10
0.0,0.0,3.861271600686069e-05
0.0,0.0,2.3203001632169243e-09
0.0,0.0,6.384743435980627e-11
0.0,0.0,6.004115121441049e-08
0.0,0.0,2.3035384328092947e-09
0.0,0.0,1.1267044996635756e-06
0.0,0.0,7.154703461299759e-07
0.0,0.0,8.733540316870179e-11
0.0,0.0,1.1166867254092802e-11
0.0,0.0,1.5293307934103405e-09
0.0,0.0,2.5796160428277992e-14
0.0,0.0,1.667110233511993e-14
0.0,0.0,6.099502939443671e-10
0.0,0.0,1.1252027330542841e-06
0.0,0.0,3.4483817653170016e-14
0.0,0.0,1.3403744923350603e-09
0.0,0.0,2.486015482811579e-09
0.0,0.0,0.014347814444789558
0.0,0.0,6.939968933042328e-11
0.0,0.0,1.1815528998616847e-11
0.0,0.0,1.2484153296268328e-10
0.0,0.0,2.2174453057006643e-09
0.0,0.0,2.2153046892561932e-07
0.0,0.0,0.0003249050017182497
0.0,0.0,1.8412102103220852e-10
0.0,0.0,1.047324934355028e-10
0.0,0.0,1.7236946848569126e-11
0.0,0.0,0.0007137547286443772
0.0,0.0,0.00013451196360356185
0.0,0.0,4.472816664261274e-08
0.0,0.0,8.333921846303207e-09
0.0,0.0,4.674915884713926e-06
0.0,0.0,4.6484986683998975e-08
0.0,0.0,2.0457699536861442e-06
0.0,0.0,3.3152120421320786e-11
0.0,0.0,0.03464528097211884
0.0,0.0,1.1541135633263877e-06
1.0,0.0,0.9042484530250159
0.0,0.0,1.9046329619853024e-12
0.0,0.0,0.042827323946553725
0.0,0.0,3.3527375847922666e-07
0.0,0.0,3.362892857353518e-08
0.0,0.0,1.793281317384744e-06
0.0,0.0,0.015731755988116457
0.0,0.0,0.0009101475495068113
0.0,0.0,9.512568320497471e-09
0.0,0.0,1.4370444261590824e-08
0.0,0.0,7.491338182994939e-07
0.0,0.0,5.648916891406674e-10
0.0,0.0,1.3956836703143957e-10
0.0,0.0,2.3579719828151746e-08
0.0,0.0,1.5323838447894829e-12
0.0,0.0,4.2709929781308577e-10
0.0,0.0,6.452501584007098e-05
0.0,0.0,1.034173197652037e-08
0.0,0.0,1.1279739585881433e-06
0.0,0.0,5.892005676777881e-08
1.0,1.0,0.999989751939621
0.0,0.0,1.3500214081371586e-14
0.0,0.0,7.990356931748223e-08
0.0,0.0,1.6439088469003581e-12
0.0,0.0,2.4867629985833904e-10
0.0,0.0,2.371219247519907e-13
0.0,0.0,5.234566884288645e-13
0.0,0.0,7.870703205399184e-09
0.0,0.0,1.6391500554450147e-08
0.0,0.0,7.126191701122865e-11
0.0,0.0,3.8832712227671257e-10
0.0,0.0,3.0836815516336563e-10
0.0,0.0,7.487170453351068e-09
0.0,0.0,1.3403976256960129e-11
0.0,0.0,0.0007726315581293589
0.0,0.0,1.5713833187113873e-11
0.0,0.0,2.1073827747437804e-06
0.0,0.0,5.297978042731153e-09
0.0,0.0,0.0010562821791159562
0.0,0.0,1.2276267893560453e-10
0.0,0.0,1.8043946680736518e-11
0.0,0.0,2.537418086342441e-13
0.0,0.0,2.0420979373167195e-08
0.0,0.0,2.974690764759273e-07
0.0,0.0,0.0002169820448164638
0.0,0.0,1.7519336047688333e-05
0.0,0.0,6.70718723358059e-10
0.0,0.0,1.5908172494022695e-05
0.0,0.0,5.893811482740678e-14
0.0,0.0,4.260782792705833e-09
0.0,0.0,4.949820499835676e-07
0.0,0.0,5.709768083631197e-07
0.0,0.0,1.6460700720698164e-11
0.0,0.0,0.00010470594380350309
0.0,0.0,0.081037671354588
0.0,0.0,2.5085505634160917e-09
0.0,0.0,0.00778139068472647
0.0,0.0,1.24466532057326e-07
0.0,0.0,1.3293165706513428e-09
0.0,0.0,4.1612155402898084e-05
0.0,0.0,1.2150347933512777e-10
0.0,0.0,1.1465531983224507e-12
0.0,0.0,5.40744652533494e-08
0.0,0.0,6.365696364158849e-10
0.0,0.0,2.762671225210988e-11
0.0,0.0,1.3890944572442145e-09
0.0,0.0,0.0008704723041505427
0.0,0.0,2.1195060316875516e-17
0.0,0.0,0.019722636130070467
0.0,0.0,0.00015496189104019015
0.0,0.0,1.58494643034375e-05
0.0,0.0,0.000554385657316558
0.0,0.0,4.045010638478476e-06
0.0,0.0,3.550592019307137e-13
0.0,0.0,3.5685182568839355e-07
0.0,0.0,2.2034218897552136e-12
0.0,0.0,6.231404209629612e-11
0.0,0.0,1.2058421844835187e-13
0.0,0.0,0.0008319729900399007
0.0,0.0,7.04139244864124e-05
0.0,0.0,7.382582300261034e-08
0.0,0.0,0.16520608074214427
0.0,0.0,2.2239517249740814e-10
0.0,0.0,3.235793940474489e-08
0.0,0.0,6.049374480130299e-08
0.0,0.0,4.776712116489288e-13
0.0,0.0,4.556023112001856e-05
0.0,0.0,2.0820098227603268e-13
0.0,0.0,2.4935763295178414e-06
0.0,0.0,5.593612450948784e-09
0.0,0.0,7.065893383562433e-06
0.0,0.0,1.2597610181236757e-12
0.0,0.0,6.216651610597937e-05
0.0,0.0,4.186621661564689e-08
0.0,0.0,4.0366554937626076e-08
0.0,0.0,2.0452522264689788e-13
0.0,0.0,4.385867808216438e-09
0.0,0.0,8.768694780220225e-08
0.0,0.0,4.582198004720996e-11
0.0,0.0,1.2577921563972443e-07
0.0,0.0,1.2030238318861853e-08
0.0,0.0,1.738978574557891e-05
0.0,0.0,2.6201801819554776e-08
0.0,0.0,1.2566192403874217e-07
0.0,0.0,2.536729306018472e-11
0.0,0.0,1.703652606456841e-05
0.0,0.0,3.932183851353875e-11
0.0,0.0,1.524519998784546e-09
0.0,0.0,1.1495924266199404e-07
0.0,0.0,0.000614339199239118
1.0,0.0,0.5000810355732926
0.0,0.0,4.714061506760787e-06
0.0,0.0,1.6060492923768065e-05
0.0,0.0,4.732493227454398e-08
0.0,0.0,4.3197855514129836e-09
1.0,1.0,0.9999324372419017
0.0,0.0,3.297911068680889e-09
0.0,0.0,2.385646628892189e-10
0.0,0.0,1.2508487758288105e-10
0.0,0.0,1.143106635761032e-06
0.0,0.0,1.4477510414141286e-08
0.0,0.0,8.725151170440016e-09
0.0,0.0,0.00014081515694478326
0.0,0.0,1.3985865316543791e-11
0.0,0.0,1.876567326780357e-07
0.0,0.0,4.915822111763745e-08
0.0,0.0,1.266080932323503e-12
0.0,0.0,0.0010621367940691342
0.0,0.0,2.1924053283505813e-11
0.0,0.0,1.5627051938346606e-11
0.0,0.0,7.43244365483072e-10
0.0,0.0,4.066257986316243e-06
0.0,0.0,2.826043346502312e-10
0.0,0.0,4.023106939403531e-12
0.0,0.0,6.103836652797575e-10
0.0,0.0,3.191195644798877e-14
0.0,0.0,0.00013074706441297172
0.0,0.0,0.004491266552907945
0.0,0.0,2.5722687130225006e-07
0.0,0.0,2.369315868039544e-05
0.0,0.0,1.1984193777977017e-06
0.0,0.0,3.6757839668112395e-11
0.0,0.0,2.091097360921228e-09
0.0,0.0,0.008364343582468112
0.0,0.0,1.0889788112055971e-06
0.0,0.0,0.08928782556504779
0.0,0.0,3.4566721867061585e-07
0.0,0.0,9.223484526013784e-06
0.0,0.0,3.648546382266169e-10
0.0,0.0,8.636871999725778e-09
0.0,0.0,1.267969676888457e-07
0.0,0.0,6.208758599309345e-08
0.0,0.0,0.0045815126782203335
1.0,0.0,0.8498792011668844
0.0,0.0,3.9122333679350826e-17
0.0,0.0,0.2533534917116214
0.0,0.0,2.5177180130378235e-11
0.0,0.0,1.6334646836086443e-14
0.0,0.0,1.3460554825521764e-08
0.0,0.0,4.394992997935959e-07
0.0,0.0,7.342056689100574e-07
0.0,0.0,8.650372479277275e-06
0.0,0.0,0.007366876447830915
0.0,0.0,2.957225749779663e-10
0.0,0.0,0.03274666480415073
0.0,0.0,5.6745969144093e-07
0.0,0.0,3.2920293250334256e-09
0.0,0.0,1.2554766922438889e-13
0.0,0.0,0.0014876268322514365
0.0,0.0,0.45358390644276186
0.0,0.0,2.3685935963008726e-09
0.0,0.0,1.5850376267896113e-10
0.0,0.0,4.283171590012207e-08
0.0,0.0,1.0146930495688997e-12
0.0,0.0,4.3865024266961134e-13
0.0,0.0,2.241257696885158e-12
0.0,0.0,1.3945120389149814e-09
0.0,0.0,1.872704781329338e-09
0.0,0.0,3.483849127315012e-09
0.0,0.0,0.0007784437458316401
0.0,0.0,0.0007631130604170264
0.0,0.0,1.527660760896148e-11
0.0,0.0,3.3453624911599955e-07
0.0,0.0,1.1276589669301882e-10
0.0,0.0,3.9827490311339725e-09
0.0,0.0,2.6986250906554352e-11
0.0,0.0,1.6231006701270763e-08
0.0,0.0,1.533176966663482e-07
0.0,0.0,0.0425746156379002
0.0,0.0,2.1757248437894484e-11
0.0,0.0,0.01561298840515438
0.0,0.0,2.849564515828252e-06
0.0,0.0,3.94734532086464e-06
0.0,0.0,8.114170302978118e-10
0.0,0.0,8.693406901797238e-07
0.0,0.0,4.944495745725333e-09
0.0,0.0,8.280444294356026e-12
0.0,0.0,0.0011622411955654094
0.0,0.0,2.063690818803107e-06
0.0,0.0,5.896932054055246e-09
0.0,0.0,6.558282894863812e-07
0.0,0.0,2.8284784392735348e-11
0.0,0.0,9.94667561369528e-06
0.0,0.0,7.119030507541254e-06
0.0,0.0,8.861098543477683e-08
0.0,0.0,7.098115114149233e-07
0.0,0.0,0.0932417078352711
0.0,0.0,4.159650197732551e-09
1.0,0.0,0.989886578372428
0.0,0.0,0.0029794841446916178
0.0,0.0,0.08241475510210891
0.0,0.0,1.1196057866447352e-11
0.0,0.0,4.133430773970201e-15
0.0,0.0,2.1223734053050293e-10
0.0,0.0,2.7353616692002437e-14
0.0,0.0,3.7980257505058085e-08
0.0,0.0,0.0006777848427239043
0.0,0.0,4.0728602910314955e-05
0.0,0.0,1.4850115269083892e-07
0.0,0.0,6.697521877831097e-06
1.0,0.0,0.9932455762717286
0.0,0.0,0.03529629303188046
0.0,0.0,2.491217260839069e-08
0.0,0.0,1.0696305573639003e-09
0.0,0.0,7.690859532231324e-10
0.0,0.0,1.9932000181781994e-10
0.0,0.0,3.5380034298660413e-10
0.0,0.0,2.331012159776402e-11
0.0,0.0,0.004146977248254645
0.0,0.0,1.413585423931354e-10
0.0,0.0,7.587533217556907e-09
1.0,0.0,0.9961199551201748
0.0,0.0,1.513287472912846e-07
0.0,0.0,4.807489245159824e-10
0.0,0.0,2.466835093408596e-07
0.0,0.0,7.82683695382868e-12
0.0,0.0,2.4513091318928344e-09
0.0,0.0,2.0610919697101096e-14
0.0,0.0,7.750139742549013e-11
0.0,0.0,5.095839197895127e-07
0.0,0.0,1.7756011446766774e-08
0.0,0.0,1.2116127510319115e-08
0.0,0.0,0.06021878869120511
0.0,0.0,1.4146863890599072e-10
0.0,0.0,2.5062495869592375e-09
0.0,0.0,0.00113791743962341
0.0,0.0,1.8751922706555162e-09
0.0,0.0,5.001144910247894e-10
0.0,0.0,4.832796885539667e-14
0.0,0.0,8.343479545941608e-16
0.0,0.0,1.7908698599904317e-05
0.0,0.0,0.0006642677923463234
0.0,0.0,1.2931734801774418e-09
0.0,0.0,2.4830161089917487e-18
0.0,0.0,7.958660050924997e-08
0.0,0.0,1.1554912005402834e-13
0.0,0.0,0.00013976648176862704
0.0,0.0,3.3277989075604136e-16
0.0,0.0,1.5461317610259667e-06
0.0,0.0,0.0003498056603831235
0.0,0.0,7.009966713579597e-10
0.0,0.0,1.7035006772634306e-13
0.0,0.0,1.0853711675500024e-11
0.0,0.0,0.1523842886337045
0.0,0.0,4.1191891711758395e-08
0.0,0.0,1.7411268012119256e-13
0.0,0.0,0.03374450116759712
0.0,0.0,2.204079744020103e-09
0.0,0.0,9.00584829234579e-13
0.0,0.0,0.082832263122464
0.0,0.0,4.5958777316594896e-10
0.0,0.0,4.70854060285199e-09
0.0,0.0,8.07638707654655e-17
0.0,0.0,0.020461246321712603
0.0,0.0,8.421728553173587e-07
0.0,0.0,5.298232437630909e-08
0.0,0.0,7.513964609054197e-09
0.0,0.0,8.663092201678917e-08
0.0,0.0,2.1929218128562575e-05
0.0,0.0,3.181485193544672e-09
0.0,0.0,9.317480706119167e-09
0.0,0.0,0.0023874459346429045
0.0,0.0,8.954047992533268e-06
0.0,0.0,1.6326689644249678e-09
0.0,0.0,3.278799567217875e-15
0.0,0.0,1.9865394774017233e-18
0.0,0.0,0.0006399749071948675
0.0,0.0,7.833788924063396e-11
0.0,0.0,7.871995840684127e-06
0.0,0.0,2.587088056769113e-10
0.0,0.0,1.813591142967311e-12
0.0,0.0,5.044728146959093e-12
0.0,0.0,0.025240536276333575
0.0,0.0,5.263838262125696e-11
0.0,0.0,4.283774628536645e-09
0.0,0.0,2.8478114238831357e-06
0.0,0.0,4.154728058404209e-05
0.0,0.0,1.0540937909807675e-12
0.0,0.0,0.002757756020408419
0.0,0.0,1.3962260975998623e-09
0.0,0.0,2.07617129036728e-10
0.0,0.0,8.540969115509563e-07
0.0,0.0,1.8025065737424453e-09
0.0,0.0,4.5316304602950654e-14
0.0,0.0,0.014415816888550793
0.0,0.0,1.4115320673728182e-09
0.0,0.0,3.5359348824798416e-08
0.0,0.0,3.761120807483595e-08
0.0,0.0,8.622000039422851e-05
0.0,0.0,0.0004981254434684449
0.0,0.0,1.4390386057968199e-06
0.0,0.0,6.331782011524963e-13
0.0,0.0,6.364198394751823e-16
0.0,0.0,1.8518211867783208e-08
0.0,0.0,1.0060076669913757e-10
0.0,0.0,1.5982439997395416e-09
0.0,0.0,4.5391663419771046e-11
0.0,0.0,1.0552575377793513e-08
0.0,0.0,2.7482224994369266e-08
0.0,0.0,1.1778907972999695e-15
0.0,0.0,2.3231369299561626e-11
0.0,0.0,3.792872860722423e-06
1.0,0.0,0.5339887165916417
0.0,0.0,7.818000074605354e-10
0.0,0.0,2.793586715177054e-13
0.0,0.0,1.118500987996162e-06
0.0,0.0,0.000729229559490342
0.0,0.0,8.493601763102463e-11
0.0,0.0,5.031248186282107e-12
0.0,0.0,0.00032940827674264323
0.0,0.0,4.0824935427838327e-16
0.0,0.0,3.683466973942259e-10
0.0,0.0,9.139869100770004e-06
0.0,0.0,1.1715488100738553e-09
0.0,0.0,2.8707970210774892e-11
0.0,0.0,7.589787547854034e-13
0.0,0.0,0.2300137604807798
0.0,0.0,3.3117983533152936e-10
0.0,0.0,2.0662921355883e-06
0.0,0.0,2.1361505661013793e-06
0.0,0.0,2.3180952812625797e-09
0.0,0.0,0.41449158721532153
0.0,0.0,3.612548428697429e-08
1.0,1.0,0.9998011079021932
1.0,1.0,0.975761029946268
0.0,0.0,1.7844679367355652e-10
0.0,0.0,4.494591715021605e-06
0.0,0.0,1.1936901500615074e-11
0.0,0.0,1.3330263558270324e-12
0.0,0.0,4.8094665357365244e-09
0.0,0.0,9.441424779946898e-11
0.0,0.0,0.0005198508255561057
0.0,0.0,3.953153144382108e-07
0.0,0.0,4.935164015478238e-10
0.0,0.0,0.05657383329310057
0.0,0.0,7.548766601715602e-08
0.0,0.0,3.1167006493610305e-05
0.0,0.0,0.08867553134055581
0.0,0.0,6.119294718226976e-09
0.0,0.0,2.722770927799592e-10
0.0,0.0,1.8378140740226075e-07
0.0,0.0,2.898741837295772e-06
0.0,0.0,0.004835127100551248
0.0,0.0,8.135967511373353e-12
0.0,0.0,0.004512471007114635
0.0,0.0,0.08293740803725387
0.0,0.0,3.798053209971632e-09
0.0,0.0,0.004629664518620655
0.0,0.0,5.029581663882282e-12
0.0,0.0,7.592712708947941e-08
0.0,0.0,1.4474241030171944e-09
0.0,0.0,2.888614379529453e-12
0.0,0.0,2.1680993107520996e-05
0.0,0.0,8.94195001494759e-12
0.0,0.0,2.5711518557468615e-07
0.0,0.0,0.04737254769041418
0.0,0.0,4.508676236784114e-13
0.0,0.0,8.816486965141271e-19
0.0,0.0,3.7207702820337495e-10
0.0,0.0,1.844488382224217e-10
0.0,0.0,0.00010659232439018968
0.0,0.0,7.956396949286248e-09
0.0,0.0,3.270635345644326e-12
0.0,0.0,1.4045161507299518e-09
0.0,0.0,1.5432614521570785e-06
0.0,0.0,3.279301620001642e-09
0.0,0.0,5.1806639900171946e-11
0.0,0.0,5.177416634398998e-09
0.0,0.0,5.946994946222189e-10
0.0,1.0,0.1079924394257002
0.0,0.0,2.1056430945790363e-08
0.0,0.0,7.721046728667236e-09
0.0,0.0,4.4854695620842356e-05
0.0,0.0,3.596065068978704e-05
0.0,0.0,6.887330406788257e-12
0.0,0.0,3.653857362769947e-14
0.0,0.0,8.700448833949521e-08
0.0,0.0,9.643377418183244e-18
0.0,0.0,6.463396047528672e-10
0.0,0.0,4.845562341986496e-11
1.0,0.0,0.9992842994828267
0.0,0.0,2.1108622280612145e-08
0.0,0.0,1.4407148278191808e-11
0.0,0.0,2.235774275023899e-09
0.0,0.0,5.8327036223408915e-05
0.0,0.0,7.377129436652077e-09
0.0,0.0,3.912368005247552e-13
0.0,0.0,1.9789314175454255e-07
0.0,0.0,1.532534469950843e-10
0.0,0.0,8.150357834052916e-12
0.0,0.0,5.224682440555634e-09
0.0,0.0,8.932781712486344e-07
0.0,0.0,1.3279424192301672e-10
0.0,0.0,8.577823278633651e-10
0.0,0.0,9.924591765307234e-11
0.0,0.0,4.441370137137776e-09
0.0,0.0,1.4018611704042342e-11
0.0,0.0,1.0073940676691053e-05
0.0,0.0,0.0034387517490104703
0.0,0.0,0.01529581189617419
0.0,0.0,0.0005705484116521757
0.0,0.0,1.3167572123612506e-11
0.0,0.0,1.414410836477297e-18
0.0,0.0,8.988365934390659e-12
0.0,0.0,0.00016397410160293925
0.0,0.0,5.77064668905454e-12
1.0,0.0,0.9425108951586438
0.0,0.0,2.0374409063621802e-08
0.0,0.0,2.211353209180221e-09
0.0,0.0,1.0053884539678875e-06
0.0,0.0,2.6618138592120617e-08
0.0,0.0,8.97705152751407e-07
0.0,0.0,5.4041579462745846e-11
0.0,0.0,5.3766705047608735e-09
0.0,0.0,7.57965897625746e-08
0.0,0.0,4.4345009616232704e-11
0.0,0.0,2.8763555188251943e-08
0.0,0.0,1.463520877169091e-18
0.0,0.0,9.247398299189549e-07
0.0,0.0,1.5035767184653833e-07
0.0,0.0,4.334687522648275e-10
0.0,0.0,1.1060256120738895e-12
1.0,0.0,0.738428507657603
0.0,0.0,7.786460345788998e-08
1.0,0.0,0.9313957779863841
0.0,0.0,1.1567968481597582e-10
0.0,0.0,1.1166371281678018e-09
0.0,0.0,1.0858497616449524e-09
0.0,0.0,1.2930388145843263e-08
0.0,0.0,9.289960810902599e-06
0.0,0.0,1.2673950376155052e-10
0.0,0.0,1.6416955938542431e-09
0.0,0.0,1.392771232105349e-14
0.0,0.0,2.1901181537679797e-07
0.0,0.0,1.1849053396751431e-09
0.0,0.0,3.3591413294784994e-09
0.0,0.0,4.340579357513285e-12
0.0,0.0,2.80455773693764e-05
0.0,0.0,5.6650441003773e-12
0.0,0.0,2.6151131566646094e-10
0.0,0.0,2.3819119681412663e-06
0.0,0.0,9.000712468213257e-09
0.0,0.0,0.0006748503589911738
0.0,0.0,6.436359902588797e-07
0.0,0.0,4.814502563175213e-12
0.0,0.0,1.3642940749156186e-10
0.0,0.0,2.455727828546007e-24
0.0,0.0,5.269234525672744e-10
1.0,1.0,0.9888000082264018
0.0,0.0,3.923825629248251e-08
0.0,0.0,8.443924983882914e-10
0.0,0.0,5.623031405839685e-10
0.0,0.0,2.3580096331512394e-10
0.0,0.0,1.5569069363442111e-09
0.0,0.0,9.952035233515499e-08
0.0,0.0,1.895823306112563e-07
0.0,0.0,3.9069271602669795e-13
0.0,0.0,5.831169212991726e-07
0.0,0.0,2.720535415515855e-10
0.0,0.0,0.018584053603802463
0.0,0.0,4.0848918349812803e-07
0.0,0.0,3.5890319281964715e-11
0.0,0.0,7.611946304278711e-18
0.0,0.0,3.3418612009173226e-12
0.0,0.0,0.015579956967152591
0.0,0.0,6.929333286777924e-11
0.0,0.0,2.6661877426823677e-11
0.0,0.0,0.02521531590557909
0.0,0.0,0.025900519186839836
0.0,0.0,3.0614293657283046e-07
0.0,0.0,5.073906595135448e-09
0.0,0.0,2.4354879692519144e-12
0.0,0.0,3.5724816457894035e-09
0.0,0.0,5.8368359474835086e-05
0.0,0.0,1.1715280973490365e-08
0.0,0.0,3.1598055379285085e-11
0.0,0.0,3.0541381282982824e-09
1.0,0.0,0.9999998361357998
0.0,0.0,5.779291161649104e-07
0.0,0.0,6.560344459338225e-12
0.0,0.0,6.452243982260398e-10
0.0,0.0,0.002273255819986535
0.0,0.0,1.2007692361522727e-10
0.0,0.0,3.4840381877790866e-07
0.0,0.0,4.966820056419746e-13
0.0,0.0,6.807858732771291e-15
0.0,0.0,5.644657133519612e-10
0.0,0.0,2.251168950856857e-16
0.0,0.0,1.0905494366881109e-06
0.0,0.0,5.809375975473649e-08
0.0,0.0,3.5819108788534094e-07
0.0,0.0,3.2012902522962063e-12
0.0,0.0,3.3639154161796223e-10
0.0,0.0,0.01694602651640606
1.0,1.0,0.9679071729475986
0.0,0.0,3.327187604080647e-08
0.0,0.0,0.0024926133879062144
0.0,0.0,9.77294618590379e-16
0.0,0.0,3.0184336537812247e-10
0.0,0.0,2.504736061847799e-12
0.0,0.0,9.713362466003869e-11
0.0,0.0,1.368997764871543e-08
0.0,0.0,1.5082592407064446e-08
0.0,0.0,1.5019148245263627e-10
0.0,0.0,3.468279111812767e-08
0.0,0.0,1.656394454436726e-09
0.0,0.0,3.647939260363761e-10
1.0,0.0,0.5430819060156742
0.0,0.0,3.924792653324105e-10
0.0,0.0,1.0216788808458513e-13
0.0,0.0,5.485705969898633e-05
0.0,0.0,0.2527311617773028
0.0,0.0,1.1182438979157335e-07
0.0,0.0,6.2652889336347e-11
0.0,0.0,3.1842518707758495e-11
0.0,0.0,4.948941386290168e-10
0.0,0.0,4.380621828400798e-08
0.0,0.0,2.905736541361828e-06
0.0,0.0,1.4605201335013166e-08
0.0,0.0,6.306228855058441e-11
0.0,0.0,5.7305327188102145e-12
0.0,0.0,0.00017790101714862595
0.0,0.0,2.1117822708748407e-08
0.0,0.0,2.9402971170821903e-17
0.0,0.0,1.1154073376415045e-09
1.0,0.0,0.9834817404334049
0.0,0.0,1.1626264610383081e-10
0.0,0.0,9.461490922147737e-07
0.0,0.0,4.5225962949083896e-09
0.0,0.0,0.0001113843865440346
0.0,0.0,1.3229576108840966e-05
0.0,0.0,2.960208779882695e-11
0.0,0.0,4.295021224233647e-08
0.0,0.0,6.670677681766799e-06
0.0,0.0,3.817336082321468e-06
0.0,0.0,0.00012760119656449358
0.0,0.0,4.520038506906401e-10
0.0,0.0,5.5642732155971394e-08
0.0,0.0,1.0018173056407628e-05
0.0,0.0,2.2414895974889536e-09
0.0,0.0,4.472515037766189e-20
0.0,0.0,3.3979577230682e-05
0.0,0.0,5.4721108714197256e-08
0.0,0.0,2.5285648115853653e-10
0.0,0.0,8.596531736398935e-12
0.0,0.0,1.8431067422702394e-09
0.0,0.0,8.246888367352997e-07
0.0,0.0,3.9804657964594883e-16
0.0,0.0,1.7082925443247222e-11
1.0,0.0,0.7224607351212834
0.0,0.0,9.154048589944233e-09
0.0,0.0,6.6692503431745155e-09
0.0,0.0,3.896381161477709e-09
0.0,0.0,1.5205098970164988e-13
0.0,0.0,1.7379563661983786e-11
0.0,0.0,1.3956242277822483e-09
1.0,0.0,0.857116542467499
0.0,0.0,1.8768161093116805e-15
0.0,0.0,6.332932200066152e-08
0.0,0.0,3.400585901474909e-08
0.0,0.0,1.1413535577243104e-07
0.0,0.0,2.2640817382359863e-09
0.0,0.0,0.0068853255779144276
0.0,0.0,1.3518163210480157e-07
0.0,0.0,3.251829071267037e-08
0.0,0.0,0.000173483324926528
0.0,0.0,0.1804843920620227
0.0,0.0,1.1958862635176617e-08
0.0,0.0,3.460830243273381e-12
0.0,0.0,6.94104593309935e-09
0.0,0.0,1.6315848050450064e-07
0.0,0.0,1.401151971467741e-06
0.0,0.0,0.00046503016963060867
0.0,0.0,9.70696071678137e-12
0.0,0.0,7.14378002338628e-13
0.0,0.0,4.278115130690231e-12
0.0,0.0,4.0811730963737135e-10
0.0,0.0,0.0002536660791487327
0.0,0.0,1.6761177811362518e-08
0.0,0.0,0.0008695106828005085
0.0,0.0,1.226415610519472e-06
0.0,0.0,0.005874225348263647
0.0,0.0,2.563492827201126e-09
0.0,0.0,3.83911732490608e-08
0.0,0.0,3.0948183645821947e-11
0.0,0.0,5.790779304446326e-17
0.0,0.0,6.634977570990107e-10
0.0,0.0,9.074416126538481e-11
1.0,0.0,0.8834737495997355
0.0,0.0,8.391001125322463e-10
0.0,0.0,2.239117295782997e-09
0.0,0.0,0.00014400707177725849
0.0,0.0,6.286535816117664e-17
0.0,0.0,1.137762257182972e-12
0.0,0.0,1.62302349213077e-07
0.0,0.0,5.851408981677804e-09
0.0,0.0,1.6416693902139347e-06
0.0,0.0,3.0537433001568946e-07
0.0,0.0,3.255007629058345e-08
0.0,0.0,2.709445970302141e-07
0.0,0.0,1.7162992846703412e-08
0.0,0.0,4.808830742154404e-08
0.0,0.0,1.4434415543415665e-08
0.0,0.0,7.756671638712009e-10
0.0,0.0,2.7899031697336513e-11
0.0,0.0,1.309153912905712e-07
0.0,0.0,8.139855906413268e-09
0.0,0.0,0.0005355125906634189
0.0,0.0,0.001470783785447509
0.0,0.0,8.478166575997913e-05
0.0,0.0,1.0074877699320638e-11
0.0,0.0,8.096455546254593e-07
0.0,0.0,8.014722155678434e-10
0.0,0.0,4.2488718502126555e-06
0.0,0.0,6.396201601587855e-09
0.0,0.0,1.829344771640748e-06
0.0,0.0,1.074307155956642e-08
0.0,0.0,3.2627964333210474e-11
0.0,0.0,1.238304717476874e-10
0.0,0.0,4.054049233223757e-05
0.0,0.0,3.0730575531577344e-05
0.0,0.0,2.195074053642288e-10
0.0,0.0,5.582434036561061e-08
0.0,0.0,4.2748675734427666e-07
0.0,0.0,3.2207634065926783e-10
0.0,0.0,2.622342763635985e-09
0.0,0.0,2.3623958095581837e-06
0.0,0.0,9.007560771947274e-19
0.0,0.0,7.243639275849883e-07
0.0,0.0,5.720092461568299e-10
0.0,0.0,6.021019059232476e-16
0.0,0.0,1.257932830955756e-20
0.0,0.0,1.1415641728681288e-12
0.0,0.0,1.3869983031119048e-15
0.0,0.0,1.607440694057469e-14
0.0,0.0,3.871605349224238e-09
0.0,0.0,2.0754988844404907e-11
0.0,0.0,3.1638466717063894e-07
0.0,0.0,3.712842990846281e-08
1.0,1.0,0.9879911073423534
0.0,0.0,3.2122384759800547e-06
0.0,0.0,4.550116384643169e-06
1.0,0.0,0.985522431543766
0.0,0.0,9.6920582830491e-10
0.0,0.0,7.096717664680493e-13
0.0,0.0,0.0007644647114978634
0.0,0.0,0.08828335569481295
0.0,0.0,2.1202757059846557e-07
0.0,0.0,2.53289676928373e-07
0.0,0.0,2.616334262166885e-10
0.0,0.0,1.4485329990947651e-08
0.0,0.0,5.188661992346019e-10
0.0,0.0,5.1734585187112084e-09
0.0,0.0,0.0157328559378421
0.0,0.0,7.277492857020996e-05
0.0,0.0,0.009364886741478982
0.0,0.0,4.91282393113488e-11
0.0,0.0,5.848889586048256e-09
1.0,1.0,0.983154266083443
0.0,0.0,8.689859654593805e-05
0.0,0.0,0.30919098024879704
0.0,0.0,2.0345428977241035e-09
0.0,0.0,0.00027941182342067184
0.0,0.0,1.092122034692941e-14
0.0,0.0,5.396929243334802e-09
0.0,0.0,5.687421863564863e-10
0.0,0.0,1.6161285691048248e-06
0.0,0.0,3.6552111085859165e-08
0.0,0.0,0.006752825284249122
0.0,0.0,2.853385232701166e-11
0.0,0.0,2.1937453650264918e-15
0.0,0.0,3.4344342987997264e-09
0.0,0.0,2.0016962846710843e-13
0.0,0.0,6.138163920412929e-07
1.0,0.0,0.9985290944977799
0.0,0.0,8.196438838133486e-14
0.0,0.0,3.70179672898811e-12
0.0,0.0,1.9784778614736656e-08
0.0,0.0,1.5725819000413106e-11
0.0,0.0,1.537505939215795e-05
0.0,0.0,1.31892424668521e-07
0.0,0.0,1.250994464737139e-07
0.0,0.0,3.4876697836205456e-07
0.0,0.0,7.561923501023894e-10
0.0,0.0,1.0418831566983829e-10
0.0,0.0,0.01376287343732861
0.0,0.0,1.8525541354910342e-09
0.0,0.0,1.2414631258242427e-06
0.0,0.0,0.06507907475812846
0.0,0.0,1.7766871880900476e-10
0.0,0.0,1.1028185546384235e-10
0.0,0.0,2.8449196189672565e-05
0.0,0.0,1.635193641761767e-09
0.0,0.0,4.623050837335242e-09
0.0,0.0,0.016807063134904446
0.0,0.0,2.4968496277459096e-12
0.0,0.0,8.71810513211383e-11
0.0,0.0,1.4446086452204788e-14
0.0,0.0,1.1977030205148189e-08
0.0,0.0,0.2641814681937514
0.0,0.0,1.1967832859641303e-11
0.0,0.0,4.729674179681674e-13
0.0,0.0,7.47273467827612e-10
0.0,0.0,5.020873913218324e-07
0.0,0.0,4.169981003144989e-14
0.0,0.0,3.555338813097209e-11
0.0,0.0,6.337838512626999e-10
0.0,0.0,2.6179906403418444e-06
0.0,0.0,0.12267882212555184
0.0,0.0,0.003357914385410928
0.0,0.0,5.567465968656611e-13
0.0,0.0,6.786678043959153e-12
0.0,0.0,9.9962448548463e-12
0.0,0.0,1.3725093157404516e-07
0.0,0.0,0.07876193951893098
0.0,0.0,5.6465574904732905e-05
0.0,0.0,2.949232449909563e-08
0.0,0.0,1.729797849671462e-07
0.0,0.0,1.6580362777151932e-07
0.0,0.0,9.439952432260693e-11
0.0,0.0,9.090035792181542e-10
0.0,0.0,0.0025185890662232794
0.0,0.0,1.5453445841368292e-12
0.0,0.0,2.785307726801847e-06
0.0,0.0,0.00047305101146928016
0.0,0.0,5.667942291250636e-07
0.0,0.0,9.240728931918167e-06
0.0,0.0,2.32446287178936e-07
0.0,0.0,1.8397904194511742e-08
0.0,0.0,0.3887532367885049
0.0,0.0,1.2340362897224993e-08
0.0,0.0,1.7081116254067038e-07
0.0,0.0,1.1018170835937686e-11
0.0,0.0,9.102958962361014e-12
0.0,0.0,4.699799637846526e-05
0.0,0.0,7.9190717067817945e-25
0.0,0.0,4.774877577443082e-07
0.0,0.0,5.728340357323757e-18
0.0,0.0,9.759551645396263e-06
0.0,0.0,1.926412997624458e-09
0.0,0.0,1.8896583216868418e-07
1.0,1.0,0.9884899392867927
0.0,0.0,3.2418465006206237e-13
0.0,0.0,1.495230398226194e-14
0.0,0.0,7.449122031906265e-07
0.0,0.0,3.80649806159677e-11
0.0,0.0,7.941363372273283e-07
1.0,0.0,0.9999650951004675
0.0,0.0,6.153281168553062e-11
0.0,0.0,0.000156547491972743
0.0,0.0,4.708487340988903e-17
0.0,0.0,7.305860600613334e-05
0.0,0.0,1.0597166676102951e-10
0.0,0.0,1.9425028653918643e-08
0.0,0.0,8.908770954969128e-09
0.0,0.0,1.9182599819455182e-06
0.0,0.0,6.2974337153014e-12
0.0,0.0,7.599888316333697e-12
0.0,0.0,3.466257423980806e-14
0.0,0.0,2.00704297941586e-10
0.0,0.0,2.1668612474688013e-10
0.0,0.0,3.796725809328229e-09
0.0,0.0,7.605672042005174e-10
0.0,0.0,2.426095044175409e-08
0.0,0.0,5.343827312225097e-13
0.0,0.0,2.3456068525985214e-10
0.0,0.0,0.004895737823029728
0.0,0.0,0.16371178352872548
0.0,0.0,2.4890665940355907e-11
0.0,0.0,1.4180613695606687e-11
0.0,0.0,8.426980207780794e-11
0.0,0.0,1.0797868660578664e-05
0.0,0.0,1.9223194210112222e-10
0.0,0.0,0.0005540048177271431
0.0,0.0,7.207208287394126e-12
0.0,0.0,9.82478018338848e-09
1.0,1.0,0.9964272850699109
0.0,0.0,3.043227183020918e-06
0.0,0.0,4.804784282607199e-12
0.0,0.0,3.5008130387843e-12
0.0,0.0,1.114362708846222e-05
0.0,0.0,6.39381823809421e-08
0.0,0.0,0.00010658178702327342
0.0,0.0,6.605564398413857e-22
0.0,0.0,1.7225366697020824e-05
0.0,0.0,2.3427826919322714e-09
0.0,0.0,2.689776156220308e-16
0.0,0.0,4.3125164388695046e-07
0.0,0.0,6.01529394917133e-07
0.0,0.0,2.477351267076983e-13
0.0,0.0,6.336313503382486e-16
0.0,0.0,2.0597016991571675e-12
0.0,0.0,2.1832150629441923e-10
0.0,0.0,1.2681572978390286e-09
0.0,0.0,1.0015310829805996e-09
0.0,0.0,6.9753840527241634e-09
0.0,0.0,0.025420858222876735
0.0,0.0,1.4351661480086646e-08
0.0,0.0,4.849187882843923e-09
0.0,0.0,1.1506359787776603e-08
0.0,0.0,1.1063699227103424e-06
0.0,0.0,5.9567399535594375e-05
0.0,0.0,6.881158841981697e-18
0.0,0.0,2.543238898927884e-12
0.0,0.0,1.1104315680498733e-08
0.0,0.0,6.7996223531945934e-15
0.0,0.0,4.809043770021998e-09
0.0,0.0,2.0982241776736444e-10
0.0,0.0,2.0059585383451708e-07
0.0,0.0,1.273326213344074e-12
0.0,0.0,0.002665019243304029
0.0,0.0,0.14052351129297244
0.0,0.0,4.021260106922079e-12
0.0,0.0,3.884804505729695e-12
0.0,0.0,9.941091339076714e-09
0.0,0.0,2.953424218795475e-07
0.0,0.0,7.865384409759575e-08
0.0,0.0,2.0476884708766794e-08
0.0,0.0,8.890538548378982e-09
0.0,0.0,4.4277256115469325e-10
0.0,0.0,1.826984657799262e-14
0.0,0.0,0.0013494523362228524
0.0,0.0,8.090763906867985e-10
0.0,0.0,6.202882024979752e-07
0.0,0.0,2.5393899392142916e-11
0.0,0.0,1.0632440769377476e-10
0.0,0.0,1.1614271717189912e-05
0.0,0.0,1.440237753891324e-14
0.0,0.0,0.033777832060452866
0.0,0.0,1.0750804433019774e-12
0.0,0.0,1.2756566490089034e-05
0.0,0.0,1.1886200254724435e-07
0.0,0.0,4.413195156100015e-06
0.0,0.0,8.85145883392524e-08
0.0,0.0,1.010267806693911e-12
0.0,0.0,6.091937993392126e-10
0.0,0.0,0.0009688717935573331
0.0,0.0,0.01347798987766434
0.0,0.0,3.033828811925663e-09
0.0,0.0,3.657494092791627e-06
0.0,0.0,0.11542247102791811
0.0,0.0,2.2320151304179285e-11
0.0,0.0,1.8790292852574016e-06
0.0,0.0,3.5146086149028287e-13
0.0,0.0,2.7380108222959945e-10
0.0,0.0,0.007590237019016108
0.0,0.0,3.8646061057904174e-10
0.0,0.0,4.223184937267119e-06
0.0,0.0,4.672309348300321e-12
0.0,0.0,3.991184290909805e-12
1.0,1.0,0.7453849480686175
0.0,0.0,2.4830077625360106e-13
0.0,0.0,1.9068330814682127e-08
0.0,0.0,0.0002209298892026886
0.0,0.0,1.271990978931563e-09
0.0,0.0,1.965091151647567e-10
0.0,0.0,5.286665120469905e-07
0.0,0.0,3.972837400406266e-06
0.0,0.0,1.3924061448389034e-14
0.0,0.0,1.4717429546946822e-10
0.0,0.0,7.69698690695691e-05
0.0,0.0,4.317082099406126e-08
0.0,0.0,1.138381490341648e-14
0.0,0.0,1.7165681400782473e-10
0.0,0.0,0.00011331722799125402
0.0,0.0,1.0782184722771082e-12
0.0,0.0,3.5219018502033974e-06
0.0,0.0,5.250205049972792e-10
0.0,0.0,4.348130184667424e-09
0.0,0.0,6.413087352386082e-08
0.0,0.0,3.2419498602886283e-10
0.0,0.0,4.255462864029368e-09
0.0,0.0,2.8266206611253107e-10
0.0,0.0,2.4664534976855854e-07
0.0,0.0,1.7328097675575818e-13
0.0,0.0,3.5118007241361646e-09
0.0,0.0,4.826528672786775e-05
0.0,0.0,1.822023909585057e-12
0.0,0.0,0.048273433219470835
0.0,0.0,2.687669037815407e-10
0.0,0.0,9.476297541229994e-14
0.0,0.0,1.969014393418174e-11
0.0,0.0,0.004419014793100738
0.0,0.0,0.0016003204596276963
0.0,0.0,9.118860146265067e-13
0.0,0.0,2.5096501876696384e-18
0.0,0.0,0.04738677255571885
0.0,0.0,2.5933483806996287e-10
0.0,0.0,7.922002959621791e-13
0.0,0.0,1.9964740084355422e-06
0.0,0.0,0.0025661627991817515
0.0,0.0,1.0585928982151916e-09
0.0,0.0,0.0005252952589514597
0.0,0.0,1.0170823351562916e-08
0.0,0.0,0.0001119574549604185
0.0,0.0,3.9972537923388963e-07
0.0,0.0,5.543598378878845e-13
0.0,0.0,2.2403510656780014e-07
0.0,0.0,0.0035126690897798866
0.0,0.0,1.8013742415173747e-08
0.0,0.0,3.133196921759726e-10
0.0,0.0,9.531998524035411e-10
0.0,0.0,3.357894964643229e-09
0.0,0.0,6.257925310584853e-07
0.0,0.0,4.707818650235282e-12
0.0,0.0,1.2515757182134497e-10
0.0,0.0,4.273339249185159e-11
0.0,0.0,1.0060830689500348e-09
0.0,0.0,0.07486997746230896
0.0,0.0,2.2272869923163936e-11
0.0,0.0,5.2716776762458735e-08
0.0,0.0,1.6765180154246256e-09
0.0,0.0,1.946263592544239e-11
1.0,0.0,0.9849501090597683
0.0,0.0,2.3906874184710335e-06
0.0,0.0,9.402818273660877e-16
0.0,0.0,2.8344008161721626e-08
0.0,0.0,5.851459902467629e-09
0.0,0.0,4.75382164645824e-07
0.0,0.0,1.3297035345844548e-11
0.0,0.0,5.5112123845063765e-09
0.0,0.0,6.696556276403944e-09
0.0,0.0,4.443206381777542e-07
0.0,0.0,1.3625061034496414e-05
0.0,0.0,5.4000892161031465e-05
0.0,0.0,4.334344318377494e-09
0.0,0.0,9.436910343649814e-11
0.0,0.0,2.5582595249897377e-09
0.0,0.0,0.0005047944167817885
0.0,0.0,1.7619763885075183e-07
0.0,0.0,8.830232847678393e-06
0.0,0.0,9.052455623649305e-11
0.0,0.0,8.173331533765996e-13
0.0,0.0,2.2090327508860955e-08
0.0,0.0,7.508585398402365e-10
0.0,0.0,0.001156433307991377
0.0,0.0,6.586035516655352e-09
0.0,0.0,8.714384012948766e-06
0.0,0.0,3.423595629065052e-07
0.0,0.0,7.028343697198026e-06
0.0,0.0,6.426869522623961e-10
0.0,0.0,1.3566478939949898e-07
0.0,0.0,2.673292883177637e-13
0.0,0.0,1.6602052129758134e-15
0.0,0.0,4.03099676541188e-12
0.0,0.0,0.002374599630910705
0.0,0.0,1.964641845833064e-11
1.0,0.0,0.9980073371755358
0.0,0.0,2.749813148812501e-09
0.0,0.0,1.4667295834970441e-12
0.0,0.0,9.119648417305858e-13
0.0,0.0,9.141891856712396e-07
0.0,0.0,8.5112313236161e-10
0.0,0.0,3.8161586520447655e-11
0.0,0.0,3.3495217280026377e-07
0.0,0.0,1.1597796057481915e-15
0.0,0.0,1.4854205303893868e-08
0.0,0.0,7.86617640663987e-07
0.0,0.0,0.0011602563299907096
0.0,0.0,6.823657456439564e-06
0.0,0.0,1.936686027352773e-15
0.0,0.0,9.755673946441643e-10
0.0,0.0,2.568159338830579e-10
0.0,0.0,0.014556845086682061
0.0,0.0,2.8746329786419072e-09
0.0,0.0,2.6883647950040706e-10
0.0,0.0,6.185316108323525e-08
1.0,0.0,0.9822429250812721
0.0,0.0,3.891421812797489e-09
0.0,0.0,3.540553021537437e-11
0.0,0.0,0.005624005608262173
0.0,0.0,5.546369225548103e-11
0.0,0.0,2.8939609071246758e-08
0.0,0.0,8.596469868052142e-08
0.0,0.0,6.701475666426807e-07
0.0,0.0,7.373839019299165e-08
0.0,0.0,1.708804282346702e-11
0.0,0.0,0.09933470328974009
0.0,0.0,1.593233836548685e-05
0.0,0.0,2.0275646118966334e-10
0.0,0.0,1.4855955306885845e-09
0.0,0.0,1.4488455292780947e-05
0.0,0.0,0.0007608521840071738
0.0,0.0,0.11285277268411915
0.0,0.0,0.00014414855760673707
0.0,0.0,1.8888065468898394e-13
0.0,0.0,6.213932627183978e-13
0.0,0.0,3.6905418362429964e-16
0.0,0.0,4.315797271426629e-09
0.0,0.0,4.59620890688632e-09
0.0,0.0,0.4716187403654697
0.0,0.0,9.386053353404573e-11
0.0,0.0,7.547059237086093e-10
0.0,0.0,6.796069974335748e-10
0.0,0.0,7.199103038179195e-13
0.0,0.0,1.355180426152678e-05
0.0,0.0,4.019882588502619e-11
0.0,0.0,4.619466583961401e-11
0.0,0.0,2.306125668313596e-09
0.0,0.0,6.5023909771915276e-09
0.0,0.0,1.1964341704449347e-15
0.0,0.0,1.183353955050759e-10
0.0,0.0,0.00017842545534294628
0.0,0.0,2.490320941741191e-11
0.0,0.0,1.2422812999666152e-05
0.0,0.0,4.6968886297159934e-15
0.0,0.0,1.6067964165184123e-13
0.0,0.0,1.050020967605665e-07
0.0,0.0,1.057887692826831e-10
0.0,0.0,1.7940508239770068e-10
0.0,0.0,2.127523674514382e-08
0.0,0.0,1.1579408673695089e-06
0.0,0.0,5.7693683509532326e-11
0.0,0.0,2.192294712020555e-07
0.0,0.0,1.8309829684522674e-10
0.0,0.0,1.4024554490841832e-09
0.0,0.0,9.045014758428586e-10
0.0,0.0,8.779553355685859e-12
0.0,0.0,0.015185099698146852
0.0,0.0,6.6605103828350886e-09
0.0,0.0,8.053075329533761e-09
0.0,0.0,0.00011746804537647022
0.0,0.0,0.0005661719291759622
0.0,0.0,2.1389484040996817e-08
0.0,0.0,1.480379731201154e-09
0.0,0.0,2.287525380718494e-12
0.0,0.0,2.4770515759101702e-11
0.0,0.0,5.9127608529956875e-06
0.0,0.0,7.434884901189056e-07
0.0,0.0,1.4530251158573206e-06
0.0,0.0,6.938722078616029e-09
0.0,0.0,1.759750141054081e-08
0.0,0.0,3.583282327411743e-10
0.0,0.0,2.478131897818844e-07
0.0,0.0,1.127452054195131e-09
0.0,0.0,2.1617978363879672e-10
0.0,0.0,0.006039211032010274
0.0,0.0,4.2380587009271987e-11
0.0,0.0,2.619552731864013e-11
0.0,0.0,3.125194857277605e-08
